time,TOS01004379,TOS01004411,TOS01004521,TOS01004568,TOS01004571,TOS01004591,TOS01004621,TOS01004623,TOS01004625,TOS01004642,TOS01004659,TOS01004679,TOS01004702,TOS01004723,TOS01004731,TOS01004779,TOS01004782,TOS01004791,TOS01004811,TOS01004839,TOS01004875,TOS01004921,TOS01004941,TOS01004965,TOS01004967,TOS01004971,TOS01004981,TOS01005001,TOS01005005,TOS01005115,TOS01005131,TOS01005135,TOS01005151,TOS01005181,TOS01005191,TOS03004513,TOS03004515,TOS03004517,TOS03004519,TOS03004847,TOS03004851,TOS03004863,TOS03004871,TOS03005141
2023-11-01 21:30:00,0.568,10.219,0.994,0.051,3.113,19.956,0.547,0.116,2.625,4.104,41.631,33.008,0,0.35,0.668,4.241,3.245,5.541,55.526,2.427,11.037,0.275,60.045,1.491,0,1.362,0,67.145,0,0.607,0.322,0.182,0.567,69.214,76.529,0,0.135,0.146,0.483,2.997,1.989,7.255,0.716,0.626
2023-11-01 21:45:00,0.568,10.219,0.793,0.051,3.113,18.497,0.547,0.116,2.625,4.104,40.233,33.008,0,0.35,0.668,4.241,3.245,5.541,55.526,2.427,10.769,0.275,60.045,1.606,0,1.362,0,66.483,0,0.607,0.322,0.182,0.567,69.214,74.809,0,0.135,0.146,0.483,2.997,1.989,6.921,0.659,0.626
2023-11-01 22:00:00,0.568,9.762,0.793,0.051,3.113,17.131,0.547,0.116,2.625,3.917,38.835,33.008,0,0.35,0.668,4.241,3.027,5.541,55.526,2.427,10.769,0.275,59.02,1.26,0,1.362,0,65.82,0,0.607,0.322,0.182,0.567,68.13,74.809,0,0.135,0.12,0.456,2.906,1.899,6.921,0.659,0.626
2023-11-01 22:14:59,0.568,9.762,0.793,0.051,3.113,15.855,0.547,0.116,2.625,3.917,37.438,33.008,0,0.35,0.668,4.241,3.245,5.541,55.526,2.427,10.502,0.275,59.02,1.375,0,1.362,0,65.82,0,0.607,0.322,0.169,0.567,68.13,74.809,0,0.135,0.12,0.456,2.906,1.899,6.921,0.659,0.626
2023-11-01 22:30:00,0.568,9.762,0.793,0.051,3.113,15.239,0.547,0.116,2.625,3.917,36.043,31.608,0,0.35,0.668,4.241,3.027,5.541,55.526,2.427,10.234,0.275,59.02,1.491,0,1.362,0,65.158,0,0.607,0.322,0.169,0.567,68.13,74.809,0,0.135,0.12,0.456,2.906,1.899,6.921,0.659,0.626
2023-11-01 22:45:00,0.568,9.306,0.793,0.051,3.113,14.076,0.547,0.116,2.625,3.917,33.958,31.608,0,0.35,0.668,4.024,3.027,5.541,55.526,2.427,10.234,0.275,57.995,1.491,0,1.362,0,64.544,0,0.607,0.322,0.169,0.567,68.13,74.809,0,0.128,0.102,0.456,2.906,1.899,6.921,0.61,0.579
2023-11-01 23:00:00,0.568,8.852,0.793,0.051,3.113,12.969,0.547,0.116,2.625,3.917,32.575,31.608,0,0.35,0.668,4.241,3.027,5.541,55.526,2.427,9.967,0.275,57.995,1.26,0,1.362,0,63.93,0,0.607,0.3,0.169,0.567,68.13,74.809,0,0.135,0.083,0.456,2.906,1.899,6.921,0.61,0.579
2023-11-01 23:15:00,0.502,9.306,0.793,0.051,3.113,12.441,0.547,0.116,2.625,3.917,31.201,31.608,0,0.35,0.668,4.024,3.027,5.41,53.71,2.427,9.967,0.275,57.995,1.26,0,1.362,0,63.93,0,0.607,0.3,0.169,0.528,67.061,74.809,0,0.122,0.069,0.429,2.906,1.808,6.921,0.61,0.536
2023-11-01 23:30:00,0.502,9.306,0.793,0.048,3.113,11.407,0.547,0.116,2.625,3.917,29.842,30.208,0,0.275,0.668,4.024,3.027,5.41,55.526,2.427,9.7,0.275,57.14,1.26,0,1.362,0,63.316,0,0.607,0.3,0.156,0.49,67.061,73.127,0,0.122,0.069,0.429,2.816,1.808,6.756,0.61,0.494
2023-11-01 23:45:00,0.502,9.306,0.793,0.051,3.113,10.902,0.547,0.116,2.625,3.917,29.167,30.208,0,0.35,0.668,4.024,3.027,5.41,53.71,2.427,9.433,0.275,57.14,1.26,0,1.362,0,62.733,0,0.607,0.3,0.156,0.452,67.061,73.127,0,0.122,0.083,0.429,2.816,1.808,6.592,0.61,0.494
2023-11-02 00:00:00,0.502,9.306,0.793,0.051,2.872,10.422,0.547,0.116,2.434,3.917,27.843,28.81,0,0.35,0.668,4.024,3.027,5.41,52.109,2.427,9.433,0.275,57.14,1.26,0,1.362,0,62.151,0,0.607,0.3,0.156,0.452,65.992,73.127,0.05,0.122,0.069,0.429,2.816,1.808,6.592,0.61,0.494
2023-11-02 00:15:00,0.502,9.306,0.793,0.051,3.113,9.489,0.547,0.116,2.434,3.917,26.557,28.81,0,0.35,0.668,4.024,3.027,5.41,52.109,2.274,9.166,0.275,57.14,1.26,0,1.362,0,62.151,0,0.607,0.3,0.156,0.452,65.992,73.127,0.034,0.128,0.069,0.429,2.816,1.718,6.431,0.57,0.494
2023-11-02 00:30:00,0.502,8.852,0.793,0.051,2.872,9.037,0.547,0.116,2.434,3.917,25.924,27.416,0,0.275,0.668,4.024,3.027,5.41,50.509,2.274,9.166,0.275,57.14,1.26,0,1.362,0,61.568,0,0.607,0.28,0.156,0.452,65.992,73.127,0,0.122,0.069,0.402,2.816,1.718,6.431,0.57,0.494
2023-11-02 00:45:00,0.502,8.852,0.793,0.051,2.872,8.618,0.547,0.116,2.434,3.917,24.66,26.037,0,0.35,0.668,4.024,3.027,5.41,50.509,2.427,9.166,0.275,57.14,1.26,0,1.362,0,61.568,0,0.607,0.28,0.156,0.452,64.939,71.445,0,0.128,0.069,0.402,2.816,1.718,6.431,0.57,0.454
2023-11-02 01:00:00,0.502,8.852,0.793,0.051,2.872,8.2,0.547,0.116,2.434,3.917,24.03,24.7,0,0.35,0.668,4.024,3.027,5.41,50.509,2.427,9.166,0.275,57.14,1.26,0,1.362,0,61.005,0,0.607,0.28,0.156,0.452,64.939,71.445,0,0.128,0.069,0.372,2.816,1.718,6.431,0.57,0.454
2023-11-02 01:14:59,0.502,8.852,0.793,0.051,2.872,7.85,0.547,0.116,2.434,3.917,23.402,23.44,0,0.35,0.668,4.024,3.027,5.41,50.509,2.427,8.899,0.275,57.14,1.26,0,1.362,0,60.442,0,0.761,0.28,0.156,0.452,64.939,71.445,0,0.128,0.083,0.372,2.816,1.627,6.431,0.57,0.494
2023-11-02 01:30:00,0.502,8.852,0.793,0.051,2.872,7.5,0.547,0.116,2.434,3.917,22.146,23.44,0,0.35,0.639,4.024,3.027,5.41,50.509,2.427,8.899,0.275,57.14,1.26,0,1.362,0,60.442,0,0.607,0.28,0.169,0.452,63.887,71.445,0,0.135,0.083,0.372,2.816,1.718,6.431,0.57,0.494
2023-11-02 01:45:00,0.502,8.852,0.793,0.051,2.872,7.186,0.547,0.116,2.434,3.917,21.519,22.22,0,0.35,0.639,4.024,3.027,5.41,50.509,2.274,8.899,0.275,56.285,1.26,0,1.362,0,60.442,0,1.076,0.28,0.169,0.452,63.887,69.79,0.034,0.135,0.069,0.343,2.726,1.627,6.431,0.57,0.494
2023-11-02 02:00:00,0.502,8.852,0.793,0.051,2.872,7.186,0.547,0.116,2.434,3.917,20.892,21.011,0,0.35,0.639,4.024,3.027,5.41,48.908,2.427,8.899,0.23,56.285,1.26,0,1.362,0,59.879,0,0.761,0.28,0.156,0.452,63.887,69.79,0.034,0.142,0.083,0.372,2.726,1.627,6.431,0.57,0.454
2023-11-02 02:15:00,0.502,8.399,0.793,0.051,2.872,6.564,0.547,0.116,2.434,3.917,20.892,21.011,0,0.275,0.639,3.784,3.027,5.41,47.308,2.427,8.633,0.23,56.285,1.26,0,1.362,0,59.879,0,0.607,0.262,0.156,0.452,62.854,69.79,0.05,0.148,0.102,0.402,2.726,1.627,6.431,0.57,0.454
2023-11-02 02:30:00,0.502,8.399,0.793,0.051,2.872,6.256,0.547,0.116,2.434,3.917,20.264,19.804,0,0.35,0.639,3.784,3.027,5.41,46.502,2.427,8.633,0.23,56.285,1.26,0,1.362,0,59.328,0,0.607,0.262,0.156,0.452,62.854,69.79,0.034,0.155,0.102,0.429,2.726,1.627,6.431,0.57,0.454
2023-11-02 02:45:00,0.447,8.399,0.793,0.051,2.872,6.564,0.547,0.116,2.434,3.917,19.637,18.597,0,0.35,0.639,4.024,3.027,5.232,46.502,2.427,8.633,0.23,56.285,1.26,0,1.362,0,59.328,0,0.607,0.262,0.156,0.452,62.854,68.135,0.034,0.155,0.102,0.429,2.726,1.627,6.431,0.534,0.454
2023-11-02 03:00:00,0.447,8.399,0.793,0.051,2.872,6.256,0.547,0.116,2.434,3.917,19.009,18.597,0,0.35,0.639,3.784,3.027,5.232,46.502,2.427,8.633,0.23,55.642,1.26,0,1.362,0,59.328,0,0.607,0.262,0.156,0.452,61.821,68.135,0.034,0.148,0.102,0.429,2.726,1.627,6.431,0.534,0.414
2023-11-02 03:15:00,0.447,8.399,0.793,0.051,2.872,5.966,0.547,0.107,2.434,3.917,18.381,17.394,0,0.275,0.639,3.784,2.81,5.232,46.502,2.427,8.367,0.23,55.642,1.26,0,1.362,0,59.328,0,0.607,0.262,0.156,0.452,61.821,68.135,0.034,0.148,0.102,0.429,2.726,1.627,6.431,0.534,0.414
2023-11-02 03:30:00,0.447,8.399,0.793,0.051,2.872,5.966,0.547,0.107,2.434,3.71,17.754,17.394,0,0.125,0.639,3.784,2.81,5.232,44.084,2.274,8.367,0.23,55,1.26,0,1.362,0,58.778,0,0.607,0.262,0.156,0.452,61.821,68.135,0.034,0.155,0.102,0.429,2.726,1.552,6.431,0.534,0.454
2023-11-02 03:45:00,0.447,7.955,0.793,0.051,2.872,5.676,0.547,0.107,2.434,3.71,17.127,16.205,0,0.2,0.639,3.784,2.81,5.232,44.084,2.274,8.367,0.23,55,1.26,0,1.362,0,58.778,0,0.607,0.262,0.156,0.452,60.81,68.135,0.034,0.148,0.102,0.429,2.726,1.627,6.431,0.534,0.414
2023-11-02 04:00:00,0.447,7.955,0.793,0.051,2.872,5.676,0.547,0.107,2.434,3.71,17.127,16.205,0,0.2,0.639,3.784,2.81,5.232,44.084,2.274,8.367,0.23,54.446,1.26,0,1.362,0,58.778,0,0.607,0.262,0.156,0.452,60.81,66.501,0.034,0.148,0.102,0.429,2.637,1.552,6.431,0.534,0.414
2023-11-02 04:14:59,0.447,7.955,0.793,0.051,2.872,5.168,0.547,0.107,2.434,3.71,16.5,15.082,0,0.125,0.639,4.024,2.81,5.232,44.084,2.274,8.1,0.23,53.892,1.26,0,1.362,0,58.227,0,0.607,0.246,0.156,0.452,60.81,66.501,0.034,0.148,0.102,0.429,2.637,1.552,6.111,0.534,0.376
2023-11-02 04:30:00,0.447,7.955,0.793,0.051,2.872,5.168,0.547,0.107,2.434,3.71,15.873,15.082,0,0.125,0.639,3.784,2.81,5.232,44.084,2.274,8.1,0.23,53.892,1.26,0,1.362,0,58.227,0,0.607,0.246,0.156,0.452,60.81,66.501,0.034,0.148,0.102,0.429,2.637,1.552,6.111,0.534,0.414
2023-11-02 04:45:00,0.447,7.955,0.793,0.051,2.872,5.168,0.547,0.107,2.434,3.71,15.246,14.2,0,0.275,0.639,4.024,2.81,5.232,43.295,2.274,8.1,0.23,53.276,1.26,0,1.362,0,57.684,0,0.607,0.246,0.156,0.452,59.8,66.501,0.034,0.155,0.12,0.429,2.637,1.552,6.111,0.534,0.376
2023-11-02 05:00:00,0.447,7.955,0.712,0.051,2.872,5.168,0.69,0.107,2.434,3.71,15.246,14.2,0,0.2,0.639,4.024,2.81,5.232,41.716,2.427,8.1,0.23,53.276,1.26,0,1.362,0,57.14,0,0.607,0.246,0.156,0.452,59.8,64.868,0.034,0.155,0.12,0.429,2.637,1.552,6.111,0.534,0.376
2023-11-02 05:15:00,0.447,7.511,0.712,0.051,2.872,4.928,0.547,0.107,2.434,3.483,14.62,13.588,0,0.35,0.639,3.784,2.81,5.232,40.927,2.274,8.1,0.23,52.66,1.26,0,1.362,0,56.597,0,0.607,0.246,0.156,0.528,59.8,64.868,0.034,0.155,0.102,0.429,2.637,1.552,5.952,0.504,0.376
2023-11-02 05:30:00,0.447,7.511,0.712,0.051,2.872,4.221,0.547,0.107,2.434,3.483,14.62,13.588,0,0.275,0.639,4.024,2.81,5.232,40.927,2.274,7.834,0.23,51.984,1.26,0,1.362,0,56.597,0,0.761,0.246,0.156,0.452,59.8,64.868,0.034,0.155,0.12,0.456,2.548,1.552,5.952,0.504,0.376
2023-11-02 05:45:00,0.447,7.511,0.712,0.051,2.872,4.687,0.547,0.107,2.434,3.483,13.993,13.588,0,0.275,0.639,3.784,2.81,4.96,40.927,2.427,7.834,0.23,51.309,1.26,0,1.362,0,56.058,0,0.607,0.246,0.142,0.452,58.816,64.868,0.034,0.155,0.102,0.429,2.637,1.477,5.952,0.504,0.338
2023-11-02 06:00:00,0.447,7.511,0.712,0.051,2.872,4.687,0.594,0.107,2.434,3.483,13.993,13,0,0.275,0.639,3.784,2.81,4.96,38.789,2.427,7.834,0.23,50.566,1.26,0,1.362,0,55.52,0,0.607,0.246,0.142,0.452,58.816,64.868,0.05,0.155,0.12,0.429,2.637,1.477,5.952,0.504,0.338
2023-11-02 06:15:00,0.447,7.511,0.712,0.051,2.872,4.928,0.547,0.107,2.434,3.483,13.993,13,0,0.35,0.639,3.544,2.81,4.96,34.513,2.427,7.834,0.23,50.566,1.26,0,1.362,0,54.981,0,0.607,0.246,0.142,0.452,58.816,64.868,0.05,0.155,0.12,0.429,2.637,1.477,5.952,0.504,0.338
2023-11-02 06:30:00,0.447,7.511,0.712,0.051,2.872,4.454,0.547,0.107,2.434,3.483,13.368,12.418,0,0.35,0.639,3.784,2.81,4.96,34.513,2.427,7.834,0.23,48.992,1.26,0,1.362,0,54.445,0,0.607,0.23,0.142,0.452,58.816,63.257,0.05,0.155,0.146,0.429,2.548,1.477,5.952,0.504,0.338
2023-11-02 06:45:00,0.4,7.098,0.712,0.051,2.872,4.221,0.547,0.107,2.434,3.483,12.743,12.418,0,0.35,0.639,3.784,2.81,4.96,34.513,2.427,7.568,0.23,48.992,1.26,0,1.362,0,53.908,0,0.607,0.23,0.142,0.452,57.831,63.257,0.05,0.155,0.146,0.456,2.548,1.477,5.952,0.504,0.338
2023-11-02 07:00:00,0.4,7.098,0.712,0.051,2.872,3.993,0.547,0.107,2.244,3.483,12.743,12.418,0,0.35,0.639,3.784,2.81,4.96,34.513,2.427,7.568,0.23,48.162,1.26,0,1.362,0,52.837,0,0.607,0.23,0.142,0.452,57.831,63.257,0.065,0.155,0.146,0.429,2.548,1.477,5.952,0.504,0.338
2023-11-02 07:14:59,0.4,7.098,0.712,0.051,2.872,3.765,0.547,0.107,2.244,3.483,12.743,11.838,0,0.35,0.639,4.024,2.81,4.96,34.513,2.582,7.568,0.23,47.218,1.26,0,1.362,0,52.302,0,0.607,0.23,0.142,0.452,57.831,63.257,0.079,0.162,0.146,0.429,2.548,1.477,5.952,0.504,0.303
2023-11-02 07:30:00,0.4,7.511,0.712,0.051,2.872,3.765,0.547,0.107,2.244,3.483,12.743,11.838,0,0.35,0.639,4.024,2.673,4.96,34.513,2.427,7.568,0.23,46.274,1.26,0,1.362,0,51.767,0,0.607,0.23,0.156,0.452,56.903,63.257,0.079,0.155,0.146,0.429,2.548,1.401,5.952,0.504,0.303
2023-11-02 07:45:00,0.4,7.955,0.712,0.051,2.872,3.548,0.547,0.107,2.244,3.237,12.121,11.838,0,0.425,0.639,3.784,2.673,4.96,34.513,2.427,7.568,0.275,45.178,1.26,0,1.362,0,50.698,0,0.607,0.23,0.156,0.452,56.903,61.645,0.079,0.155,0.146,0.429,2.548,1.401,5.952,0.504,0.338
2023-11-02 08:00:00,0.4,7.511,0.712,0.051,2.872,3.548,0.547,0.107,2.244,2.974,12.121,11.838,0,0.275,0.639,3.784,2.673,4.96,30.404,2.427,7.303,0.275,44.081,1.26,0,1.362,0,50.164,0,0.761,0.23,0.156,0.452,56.903,61.645,0.079,0.155,0.146,0.429,2.548,1.401,5.952,0.504,0.338
2023-11-02 08:15:00,0.4,7.511,0.712,0.056,2.872,3.548,0.547,0.107,2.244,2.974,12.121,11.258,0,0.275,0.639,3.784,2.673,4.96,28.433,2.427,7.303,0.275,42.783,1.26,0,1.362,0,49.63,0,0.918,0.23,0.156,0.452,55.975,61.645,0.079,0.148,0.146,0.429,2.548,1.401,5.952,0.504,0.338
2023-11-02 08:30:00,0.4,7.098,0.793,0.058,2.872,3.548,0.547,0.107,2.244,2.974,12.121,11.258,0,0.275,0.59,3.544,2.673,4.96,28.433,2.582,7.303,0.275,42.783,1.26,0,1.362,0,49.097,0,0.761,0.23,0.156,0.452,55.975,61.645,0.079,0.155,0.146,0.429,2.548,1.401,5.952,0.504,0.338
2023-11-02 08:45:00,0.4,7.098,0.793,0.058,2.872,3.331,0.547,0.107,2.244,3.237,12.121,11.258,0,0.275,0.59,3.544,2.673,4.96,30.404,2.582,7.303,0.275,41.485,1.26,0,1.362,0,48.029,0,0.607,0.23,0.156,0.452,55.047,60.06,0.079,0.155,0.146,0.429,2.548,1.401,5.952,0.504,0.338
2023-11-02 09:00:00,0.4,7.098,0.793,0.058,2.872,3.14,0.547,0.107,2.244,3.237,11.5,11.258,0,0.275,0.613,3.784,2.673,4.642,30.404,2.582,7.303,0.275,41.485,1.491,0,1.362,0,47.496,0,0.607,0.23,0.156,0.452,55.047,60.06,0.079,0.155,0.146,0.429,2.548,1.401,5.952,0.504,0.338
2023-11-02 09:15:00,0.4,7.098,0.793,0.058,2.872,3.331,0.547,0.107,2.244,2.974,11.5,10.679,0,0.275,0.613,3.544,2.673,4.642,28.433,2.582,7.303,0.275,40.012,1.26,0,1.362,0,46.429,0,0.607,0.214,0.156,0.452,55.047,60.06,0.065,0.155,0.146,0.429,2.548,1.477,5.952,0.504,0.303
2023-11-02 09:30:00,0.4,7.098,0.793,0.058,2.872,3.548,0.547,0.107,2.244,2.974,11.5,10.679,0,0.275,0.613,3.544,2.673,4.642,24.491,2.582,7.303,0.275,38.539,1.26,0,1.362,0,45.895,0,0.607,0.214,0.142,0.452,54.119,60.06,0.079,0.155,0.172,0.429,2.548,1.477,5.798,0.504,0.338
2023-11-02 09:45:00,0.4,7.098,0.793,0.053,2.872,3.331,0.547,0.107,2.244,3.237,11.5,10.679,0,0.275,0.613,3.544,2.673,4.642,23.241,2.582,7.038,0.275,38.539,1.606,0,1.362,0,45.362,0,0.607,0.214,0.156,0.452,54.119,58.476,0.079,0.155,0.172,0.429,2.548,1.477,5.952,0.504,0.338
2023-11-02 10:00:00,0.4,7.098,0.793,0.051,2.872,3.331,0.547,0.107,2.244,2.687,11.5,10.679,0,0.275,0.613,3.544,2.673,4.642,23.241,2.582,7.038,0.275,37.219,1.606,0,1.362,0,44.295,0,0.761,0.214,0.156,0.452,53.297,58.476,0.079,0.155,0.172,0.429,2.548,1.552,5.798,0.504,0.338
2023-11-02 10:14:59,0.4,6.684,0.793,0.051,2.872,3.548,0.547,0.107,2.244,2.974,10.885,10.099,0,0.275,0.613,3.544,2.673,4.642,23.241,2.582,7.038,0.275,35.9,1.606,0,1.362,0,43.762,0,0.761,0.214,0.156,0.414,53.297,58.476,0.079,0.148,0.172,0.429,2.548,1.477,5.952,0.504,0.338
2023-11-02 10:30:00,0.4,6.684,0.793,0.053,2.872,3.548,0.547,0.107,2.244,3.237,10.885,10.099,0,0.275,0.613,3.544,2.673,4.642,23.241,2.582,7.038,0.275,35.9,1.606,0,1.362,0,42.696,0,0.462,0.214,0.156,0.414,52.474,56.932,0.079,0.148,0.172,0.429,2.548,1.477,5.952,0.504,0.338
2023-11-02 10:45:00,0.4,6.684,0.793,0.058,2.872,3.765,0.547,0.107,2.244,3.237,10.885,10.099,0,0.275,0.613,3.544,2.673,4.642,23.241,2.582,7.038,0.275,34.635,1.606,0,1.362,0,42.696,0,0.462,0.214,0.142,0.414,52.474,56.932,0.079,0.148,0.172,0.429,2.548,1.552,5.952,0.504,0.303
2023-11-02 11:00:00,0.4,6.684,0.712,0.056,2.872,3.765,0.547,0.107,2.244,3.237,10.885,10.099,0,0.275,0.613,3.544,2.673,4.642,23.241,2.582,7.038,0.275,34.635,1.606,0,1.362,0,41.631,0,0.462,0.214,0.156,0.414,51.676,56.932,0.065,0.148,0.172,0.456,2.548,1.477,5.952,0.504,0.303
2023-11-02 11:15:00,0.359,6.684,0.712,0.053,2.872,3.548,0.5,0.107,2.244,3.237,10.27,10.099,0,0.275,0.613,3.544,2.537,4.642,23.241,2.582,7.038,0.275,33.369,1.606,0,1.362,0,40.567,0,0.34,0.214,0.156,0.414,50.879,55.389,0.065,0.142,0.172,0.456,2.637,1.552,5.952,0.504,0.338
2023-11-02 11:30:00,0.359,6.684,0.712,0.056,2.872,3.331,0.547,0.107,2.244,3.237,10.27,10.099,0,0.275,0.59,3.544,2.537,4.642,23.241,2.582,7.038,0.23,32.111,1.606,0,1.362,0,40.036,0,0.259,0.214,0.156,0.414,50.879,55.389,0.065,0.142,0.146,0.456,2.637,1.552,5.952,0.504,0.338
2023-11-02 11:45:00,0.359,6.684,0.712,0.053,2.872,3.14,0.5,0.107,2.244,3.237,10.27,9.52,0,0.275,0.59,3.544,2.537,4.642,23.241,2.582,7.038,0.23,32.111,1.606,0,1.362,0,39.504,0,0.34,0.214,0.142,0.377,50.102,55.389,0.05,0.148,0.146,0.429,2.637,1.552,5.952,0.504,0.268
2023-11-02 12:00:00,0.359,6.684,0.712,0.056,2.872,3.548,0.547,0.107,2.244,2.687,10.27,9.52,0,0.275,0.59,3.544,2.537,4.642,23.241,2.582,7.038,0.23,30.852,1.606,0,1.362,0,38.444,0,0.209,0.199,0.142,0.307,50.102,53.906,0.05,0.148,0.12,0.429,2.548,1.552,5.952,0.476,0.268
2023-11-02 12:15:00,0.359,6.684,0.712,0.058,2.872,3.331,0.5,0.107,2.244,2.687,10.27,9.52,0,0.275,0.59,3.544,2.537,4.642,23.241,2.582,7.038,0.23,30.852,1.606,0,1.362,0,37.914,0,0.259,0.199,0.142,0.307,49.324,53.906,0.034,0.142,0.12,0.429,2.548,1.552,5.952,0.476,0.303
2023-11-02 12:30:00,0.359,6.684,0.712,0.058,2.872,3.14,0.5,0.107,2.244,2.687,10.27,9.52,0,0.275,0.59,3.544,2.537,4.126,23.241,2.582,7.038,0.23,30.852,1.606,0,1.362,0,37.385,0,0.259,0.199,0.142,0.307,48.648,52.422,0.05,0.142,0.12,0.372,2.548,1.627,5.798,0.476,0.268
2023-11-02 12:45:00,0.359,6.684,0.712,0.058,2.872,2.95,0.5,0.107,2.244,2.687,10.27,9.52,0,0.275,0.59,3.544,2.537,4.126,21.991,2.582,7.038,0.23,29.596,1.491,0,1.362,0,36.333,0,0.259,0.199,0.142,0.342,48.648,52.422,0.034,0.148,0.12,0.372,2.548,1.627,5.798,0.504,0.268
2023-11-02 13:00:00,0.359,6.684,0.712,0.058,2.872,3.14,0.5,0.107,2.244,0,10.27,8.94,0,0.275,0.59,3.544,2.537,4.126,19.49,2.582,7.038,0.23,29.596,1.375,0,1.362,0,36.333,0,0.259,0.199,0.142,0.307,47.973,52.422,0.034,0.142,0.12,0.372,2.548,1.627,5.798,0.504,0.268
2023-11-02 13:14:59,0.359,6.684,0.712,0.058,2.872,3.14,0.5,0.107,2.244,2.687,10.27,8.94,0,0.275,0.59,3.544,2.537,3.909,19.49,2.582,7.038,0.23,28.34,1.375,0,1.362,0,35.807,0,0.259,0.199,0.142,0.307,47.592,51.053,0.034,0.142,0.12,0.372,2.459,1.627,5.798,0.476,0.268
2023-11-02 13:30:00,0.359,6.343,0.712,0.058,2.631,2.95,0.5,0.101,2.244,0,10.27,8.94,0,0.275,0.59,3.544,2.537,3.909,19.49,2.427,7.038,0.23,27.085,1.491,0,1.362,0,35.286,0,0.178,0.199,0.142,0.307,47.592,51.053,0.034,0.142,0.102,0.402,2.548,1.718,6.269,0.504,0.233
2023-11-02 13:45:00,0.359,5.726,0.712,0.058,2.406,2.95,0.5,0.101,2.244,0,10.27,8.94,0,0.275,0.59,3.544,2.4,3.909,19.49,2.582,7.038,0.23,27.085,1.491,0,1.362,0,34.765,0,0.34,0.184,0.142,0.307,47.21,49.684,0.05,0.148,0.102,0.402,2.548,1.718,6.431,0.476,0.268
2023-11-02 14:00:00,0.359,4.285,0.712,0.058,2.406,2.95,0.5,0.101,2.244,0,10.27,8.94,0,0.2,0.59,3.544,2.537,3.909,19.49,2.741,7.038,0.23,25.83,1.26,0,1.362,0,34.244,0,0.209,0.184,0.142,0.307,47.21,49.684,0.05,0.135,0.102,0.402,2.637,1.808,6.111,0.476,0.268
2023-11-02 14:15:00,0.359,6.002,0.712,0.058,2.406,3.14,0.5,0.101,2.244,0,10.27,8.94,0,0.2,0.59,3.544,2.537,3.909,19.49,2.741,7.038,0.23,24.576,1.26,0,1.362,0,33.732,0,0.259,0.184,0.142,0.307,46.785,49.684,0.05,0.135,0.12,0.402,2.548,1.808,6.111,0.476,0.233
2023-11-02 14:30:00,0.359,6.343,0.712,0.053,2.406,3.14,0.5,0.107,2.244,0,10.27,8.94,0,0.275,0.59,3.784,2.537,3.909,19.49,2.741,7.303,0.23,24.576,1.26,0,1.362,0,32.707,0,0.209,0.169,0.129,0.307,46.36,48.458,0.05,0.142,0.12,0.343,2.548,1.808,5.952,0.476,0.233
2023-11-02 14:45:00,0.359,6.684,0.712,0.058,2.18,3.14,0.5,0.107,2.244,0,9.656,8.94,0,0.275,0.59,3.784,2.537,3.711,17.75,2.904,7.303,0.23,24.576,1.26,0,1.362,0,32.207,0,0.209,0.184,0.129,0.307,46.36,48.458,0.034,0.142,0.12,0.343,2.548,1.808,5.798,0.476,0.233
2023-11-02 15:00:00,0.359,7.098,0.712,0.058,2.18,2.95,0.5,0.107,2.244,0,9.656,8.94,0,0.275,0.59,3.784,2.537,3.711,17.75,2.904,7.303,0.23,23.321,1.375,0,1.362,0,31.708,0,0.209,0.184,0.129,0.307,45.818,47.232,0.05,0.142,0.12,0.343,2.459,1.808,5.798,0.451,0.198
2023-11-02 15:15:00,0.359,6.684,0.712,0.058,2.406,2.821,0.5,0.107,2.244,0,9.656,8.94,0,0.2,0.59,3.784,2.537,3.711,17.75,3.07,7.303,0.188,24.576,1.26,0,1.362,0,31.208,0,0.155,0.169,0.116,0.307,45.276,47.232,0.05,0.148,0.102,0.343,2.459,1.808,5.798,0.451,0.233
2023-11-02 15:30:00,0.359,6.684,0.712,0.058,2.18,2.693,0.5,0.107,2.244,0,9.656,8.361,0,0.2,0.59,3.784,2.4,3.711,16.88,3.238,7.303,0.23,23.321,1.26,0,1.362,0,30.728,0,0.155,0.169,0.116,0.275,45.276,46.02,0.05,0.148,0.083,0.343,2.37,1.627,5.798,0.451,0.198
2023-11-02 15:45:00,0.359,6.343,0.712,0.058,2.18,2.821,0.5,0.107,2.244,0,9.041,8.361,0,0.275,0.59,3.784,2.208,3.527,16.88,3.407,7.303,0.23,23.321,1.161,0,1.362,0,30.728,0,0.209,0.169,0.116,0.275,44.454,46.02,0.05,0.148,0.12,0.343,2.459,1.627,5.798,0.476,0.198
2023-11-02 16:00:00,0.359,6.343,0.712,0.058,2.18,2.693,0.5,0.107,2.244,0,9.041,8.361,0,0.275,0.59,3.784,2.537,3.527,17.75,4.093,7.303,0.188,22.069,1.26,0,1.304,0,29.769,0,0.155,0.169,0.129,0.307,44.454,46.02,0.05,0.148,0.102,0.343,2.37,1.627,5.952,0.476,0.233
2023-11-02 16:14:59,0.359,6.343,0.712,0.051,2.18,2.821,0.5,0.107,2.244,0,9.041,8.361,0,0.125,0.59,4.024,2.673,3.711,18.62,5.318,7.568,0.188,22.069,1.26,0,1.362,0,29.769,0,0.155,0.154,0.129,0.307,43.632,47.232,0.05,0.148,0.083,0.309,2.637,1.899,6.269,0.504,0.233
2023-11-02 16:30:00,0.359,5.207,0.712,0.051,2.18,2.821,0.5,0.107,2.244,0,9.041,8.361,0,0.2,0.59,5.248,4.838,3.909,17.75,10.319,7.568,0.188,22.069,1.26,0,1.362,0,29.32,0,0.34,0.169,0.142,0.725,44.454,46.02,0.05,0.148,0.069,0.343,4.923,2.597,6.921,0.57,0.303
2023-11-02 16:45:00,0.359,8.852,0.712,0.051,2.18,2.95,0.642,0.317,2.244,0,9.041,8.361,0,0.2,0.59,7.983,7.583,4.126,16.88,20.205,8.1,0.188,23.321,1.26,0,1.362,0,29.32,0,0.209,0.154,0.129,2.161,44.454,46.02,0.05,0.148,0.069,0.343,14.839,3.675,8.113,0.846,0.414
2023-11-02 17:00:00,0.359,7.098,0.712,0.051,2.18,2.821,0.787,0.273,2.054,0,9.041,8.361,0,0.2,0.59,22.215,8.519,3.711,16.88,47.26,9.433,0.188,25.83,1.161,0,1.362,0,29.769,0,0.178,0.199,0.221,4.141,43.632,44.809,0.05,0.148,0.083,0.343,19.488,5.478,12.524,4.955,0.673
2023-11-02 17:15:00,0.321,6.684,0.712,0.051,2.18,2.821,1.593,0.369,2.054,0,9.041,8.361,0,0.275,0.613,36.142,9.801,4.126,18.62,58.224,12.648,0.188,35.9,1.26,0,1.362,0,30.249,0,0.209,0.214,0.423,5.592,44.454,44.809,0.05,0.148,0.102,0.309,23.452,8.339,22.787,11.244,1.413
2023-11-02 17:30:00,0.321,6.343,0.712,0.051,2.18,2.95,7.012,0.7,2.054,0,9.041,8.361,0,0.2,0.613,44.108,10.291,4.642,19.49,52.599,18.159,0.23,48.162,1.26,0,1.42,0,31.708,0,0.178,0.246,0.867,7.284,45.276,44.809,0.065,0.148,0.102,0.309,25.08,12.792,34.852,15.159,3.314
2023-11-02 17:45:00,0.321,6.343,0.712,0.051,2.18,2.616,14.096,3.311,2.244,0,9.041,8.361,0,0.2,0.613,48.183,17.809,5.41,21.991,44.626,26.951,0.188,53.892,1.26,0,1.42,7.477,34.244,0,0.34,0.322,3.255,12.198,45.276,44.809,0.05,0.148,0.102,0.343,25.19,19.348,44.456,19.275,4.777
2023-11-02 18:00:00,0.321,6.002,0.712,0.051,2.18,2.693,25.331,9.008,2.244,0,9.041,8.361,0,0.2,0.613,52.289,48.582,5.41,23.241,38.085,39.761,0.23,64.869,1.26,0,1.362,11.102,39.504,0,0.155,0.378,6.444,28.042,45.276,44.809,0.034,0.148,0.102,0.309,25.3,22.282,55.641,23.423,7.694
2023-11-02 18:15:00,0.321,5.726,0.712,0.053,2.631,2.693,33.666,20.9,2.244,0,8.428,8.361,0,0.125,0.613,63.411,69.066,5.844,28.433,33.974,50.413,0.23,73.137,1.26,0,1.362,14.273,48.029,0,0.155,0.548,9.067,49.118,45.818,44.809,0.05,0.148,0.102,0.309,25.08,23.87,73.268,27.651,11.346
2023-11-02 18:30:00,0.321,6.002,0.712,0.058,16.839,2.693,43.661,31.418,2.244,0,9.041,8.361,0,0.125,0.639,91.892,88.87,8.06,32.375,30.702,69.714,0.23,79,1.161,0,1.362,15.088,58.778,0,0.12,0.703,10.294,61.554,47.21,44.809,0.05,0.148,0.102,0.275,24.751,25.104,91.603,31.987,15.001
2023-11-02 18:45:00,0.321,6.002,0.712,0.058,33.008,2.821,68.402,45.058,2.244,0,9.041,8.361,0,0.2,0.59,115.728,108.746,12.977,38.789,26.448,93.567,0.23,80.544,1.26,0,1.362,14.273,73.615,0,0.12,0.87,10.541,69.798,50.102,47.232,0.05,0.148,0.102,0.275,24.642,26.791,105.104,35.863,18.39
2023-11-02 19:00:00,0.321,6.002,0.712,0.058,39.795,2.821,106.898,65.009,2.244,0,8.428,8.361,0,0.275,0.59,133.865,139.501,22.119,40.927,23.608,117.722,0.23,80.544,1.26,0,1.362,14.273,92.181,0,0.136,0.928,9.557,73.767,55.047,49.684,0.05,0.148,0.102,0.309,25.19,28.323,115.207,40.662,21.462
2023-11-02 19:14:59,0.321,6.002,0.712,0.058,38.845,2.693,137.636,91.096,2.244,0,9.041,8.361,0,0.125,0.59,164.753,158.961,73,40.927,21.126,143.371,0.23,82.088,1.26,0,1.362,11.879,109.934,0,0.136,0.87,8.336,74.307,61.821,55.389,0.034,0.148,0.083,0.275,25.745,29.854,122.88,45.747,23.991
2023-11-02 19:30:00,0.359,5.726,0.712,0.053,36.86,2.821,167.105,113.313,2.054,0,8.428,8.361,0,0.125,0.59,192.007,178.764,138.776,44.084,19.977,167.503,0.275,83.702,1.26,0,1.362,9.594,125.024,0,0.136,0.928,6.906,72.871,71.397,61.645,0,0.148,0.102,0.275,27.367,31.228,130.362,52.041,26.2
2023-11-02 19:45:00,0.359,5.726,0.63,0.056,34.838,2.821,180.263,101.604,2.054,0,8.428,8.361,0,0.2,0.59,205.583,180.183,179.216,46.502,17.995,185.851,0.421,88.627,1.26,0,1.362,9.594,135.677,0,0.178,0.928,5.397,70.157,85.193,69.79,0.034,0.142,0.083,0.275,31.089,33.321,137.633,62.03,27.873
2023-11-02 20:00:00,0.359,5.726,0.63,0.056,33.923,2.821,176.316,78.277,2.054,0,8.428,8.361,0,0.275,0.59,260.824,184.439,200.918,67.124,17.793,201.35,0.475,92,1.26,0,1.362,8.159,143.668,0,0.209,0.87,4.271,66.104,104.754,83.677,0.034,0.142,0.083,0.275,51.883,34.402,149.141,72.233,29.002
2023-11-02 20:15:00,0.359,5.726,0.63,0.056,33.008,2.693,156.579,62.756,2.054,0,8.428,8.361,0,0.125,0.59,360.668,230.472,222.671,102.481,17.793,216.065,0.475,98.93,1.26,0,1.42,6.823,151.668,0,0.34,0.758,3.377,62.703,127.519,101.153,0.034,0.142,0.083,0.275,62.438,36.86,165.774,82.5,30.035
2023-11-02 20:30:00,0.359,5.726,0.63,0.058,33.008,2.693,136.422,57.776,2.434,0,8.428,8.361,0,0.2,0.59,424.589,322.742,242.892,142.845,17.793,230.686,0.421,104.26,1.26,0,1.362,6.2,158.788,0,0.178,0.703,2.651,61.168,151.609,117.689,0.034,0.142,0.069,0.309,73.521,41.442,183.93,91,31.335
2023-11-02 20:45:00,0.359,5.726,0.712,0.058,33.008,2.616,133.996,53.108,11.216,0,8.428,8.361,0,0.2,0.59,467.268,409.105,262.663,170.739,18.2,247.266,0.421,122.706,1.26,0,1.362,8.159,167.695,0,0.34,0.928,3.5,59.614,167.462,137.186,0.034,0.142,0.069,0.309,79.715,45.448,197.955,97,33.056
2023-11-02 21:00:00,0.359,5.726,0.63,0.053,33.008,2.693,137.636,49.936,27.599,0,8.428,8.361,0,0.125,0.59,545.391,454.809,284.688,200.288,17.995,265.296,0.421,154.88,1.26,0,1.362,11.879,180.174,0,0.209,1.303,9.557,59.614,184.896,155.464,0.034,0.148,0.069,0.309,83.756,49.358,209.811,100,34.547
2023-11-02 21:15:00,0.359,5.726,0.63,0.056,33.008,2.693,146.195,50.562,45.637,0,8.428,8.361,0,0.125,0.59,573.557,485.844,341,240.24,18.2,282.489,0.861,186.803,1.26,0,1.362,16.735,194.443,1.469,0.259,2.756,19.085,63.844,204.436,177.397,0.034,0.148,0.069,0.309,75,53.178,218.019,102,35.794
2023-11-02 21:30:00,0.4,5.726,0.63,0.056,33.923,2.821,159.21,52.468,63.888,0,8.428,8.94,0,0.651,0.668,577.152,508.769,356,278.442,19.07,294.857,2.683,225.46,1.26,0,1.912,23.503,211.392,4.78,0.259,5.448,27.819,70.865,221.319,197.349,0.034,0.148,0.069,0.275,67.911,54.007,220.272,103,36.934
2023-11-02 21:45:00,0.502,5.726,0.63,0.051,33.923,3.331,184.211,68.944,86.046,0,8.428,9.52,0,1.095,0.701,555.837,518.257,341,313.165,19.749,304.5,5.366,272.075,1.491,4.109,2.206,28.809,231.912,9.002,0.209,7.114,32.502,78.696,236.53,217.966,0.05,0.148,0.069,0.275,65.446,54.679,224.05,104,38.131
2023-11-02 22:00:00,0.502,5.45,0.63,0.051,33.923,3.331,225.619,94.882,107.181,0,10.27,10.679,0,1.095,0.74,516.447,527.92,336,346.149,19.977,314.991,7.866,319.35,2.103,17.643,2.586,35.308,254.216,12.218,0.761,8.839,34.252,88.613,253.758,233.084,0.05,0.142,0.069,0.275,65.172,55.224,226.334,104,39.172
2023-11-02 22:14:59,0.65,5.726,0.63,0.053,33.923,3.14,263.546,122.192,128.17,0,12.743,13,0,1.095,0.74,462.46,547.317,343,375.661,20.663,323.868,10.418,370.338,2.419,31.656,2.827,40.104,278.305,15.558,1.91,10.604,34.96,97.222,269.175,251.718,0.034,0.142,0.12,0.275,67.911,55.756,222.536,104,40.392
2023-11-02 22:30:00,0.937,6.343,0.712,0.073,33.923,3.993,291.894,145.058,144.983,6.538,15.246,17.394,0,1.739,1.1,426.146,532.769,351,401.7,20.663,326.197,14.773,420.462,7.39,14.912,2.989,43.028,304.179,20.298,4.245,12.409,35.673,105.571,286.604,270.959,0.079,0.135,0.12,0.309,70.896,55.859,220.272,104,41.76
2023-11-02 22:45:00,1.429,6.684,0.712,0.073,33.923,6.872,300.909,155.05,161.267,98.223,16.5,22.22,0,2.795,2.357,409.103,489.944,343,431.212,20.894,325.033,17.055,463.226,16.197,0,3.07,44.993,330.946,28.77,5.9,14.083,36.029,114.292,306.036,290.93,0.079,0.142,0.12,0.309,72.488,55.962,219.52,103,43.008
2023-11-02 23:00:00,2.52,7.098,0.793,0.612,35.849,10.902,300.909,165.077,175.726,129.397,16.5,24.7,0,2.938,3.674,348.841,425.638,331,458.987,21.601,325.033,19.379,501.424,15.744,0,3.511,45.98,356.825,32.194,6.639,15.886,36.758,118.303,327.459,315.046,0.079,0.142,0.12,0.309,72.749,56.065,219.52,102,44.305
2023-11-02 23:15:00,4.246,9.762,1.196,0.566,39.795,21.497,290.104,166.082,190.48,147.939,17.127,24.7,0,3.397,4.927,286.222,337.388,312,485.025,21.847,322.499,20.553,533.354,12.588,2.132,4.464,47.963,381.834,33.68,6.639,17.746,37.507,121.127,350.861,336.201,0.034,0.128,0.102,0.343,73.265,55.859,219.52,100,45.858
2023-11-02 23:30:00,7.073,9.762,1.603,0.474,41.657,35.885,263.546,142.066,204.346,162.116,43.73,23.44,0,3.087,6.155,274.015,306.058,294.967,504.12,22.102,322.499,20.553,562.183,12.588,0,6.494,48.958,404.25,35.43,9.887,19.539,37.891,122.807,376.242,361.403,0.065,0.135,0.12,0.343,72.749,55.962,219.52,98,47.217
2023-11-02 23:45:00,7.43,8.852,2.013,0.252,42.567,51.576,213.82,107.435,218.456,178.899,122.178,21.011,0,2.938,6.473,250.678,303.987,285.715,521.476,21.601,321.13,19.379,587.915,13.936,0,10.118,48.958,426.041,37.209,11.733,21.26,38.276,122.249,401.675,387.137,0.065,0.135,0.146,0.372,71.431,55.859,219.52,96,48.604
2023-11-03 00:00:00,11.753,8.399,2.424,0.21,42.567,65.601,168.421,82.764,232.814,194.68,165.822,19.804,0,3.087,7.134,230.016,297.826,276.652,538.832,22.102,319.582,19.379,612.168,12.142,0,14.155,49.955,446.71,39.639,10.753,22.931,38.674,120,429.216,417.118,0.065,0.135,0.146,0.372,69.546,55.653,220.272,93,50.026
2023-11-03 00:15:00,22,8.852,2.835,0.21,41.657,76.336,127,67.344,245,209.39,191.424,18.597,0,3.721,9.191,171.133,280.703,266.207,547.51,22.371,318.035,19.379,633.284,11.251,0,17.609,51.957,470.301,42.139,10.096,24.651,39.073,114.292,453.121,451.506,0.079,0.135,0.146,0.402,68.184,55.441,218.019,90,51.248
2023-11-03 00:30:00,21,9.762,3.041,0.134,42.567,81.822,102.077,57.776,253.814,221.741,215.384,16.205,0,3.884,10.575,157.482,254.307,253.122,554.45,22.66,316.513,18.795,651.21,22.559,0,19.817,51.957,500.55,43.959,10.096,26.274,39.073,109.348,479.692,482.601,0.065,0.135,0.146,0.402,66.542,55.224,217.269,87.5,52.258
2023-11-03 00:45:00,19,10.677,3.246,0.1,42.567,84.591,79.623,55.072,260.307,231.678,243.24,15.082,0,3.397,10.575,138.182,214.383,240.348,561.39,21.601,313.481,18.213,667.544,31.208,0,20.764,50.955,530.93,44.671,10.528,27.813,39.073,103.333,505.426,514.136,0.079,0.135,0.146,0.402,64.076,54.898,215.025,85,53.044
2023-11-03 01:00:00,16.454,11.134,3.452,0.1,41.657,85.984,58,48.694,265.612,246.672,282.922,16.205,0,3.239,10.228,158.51,183.02,226.849,566.595,20.894,310.466,17.055,680.634,29.841,0,21.396,51.957,560.951,43.631,10.528,29.246,39.073,99.444,533.384,546.065,0.079,0.135,0.146,0.402,61.354,54.347,211.298,82.5,53.313
2023-11-03 01:14:59,14.744,11.134,3.658,0.1,41.657,87.377,40.523,41.53,271.007,259.245,328.594,31.608,0,2.938,9.882,167.926,161.779,214.48,568.33,19.977,305.97,15.908,692.1,26.199,0,21.396,48.958,589.738,41.297,10.096,30.411,39.073,96.667,561.703,578.346,0.079,0.135,0.12,0.402,58.726,53.894,209.068,80,53.313
2023-11-03 01:30:00,12.895,12.521,3.658,0.1,42.567,87.377,31.12,35.836,277.886,268.091,368.75,102.652,0,3.397,9.191,139.08,153.341,204.021,568.33,19.977,301.634,14.211,701.939,21.194,6.771,21.396,48.958,614.948,39.364,10.096,31.447,38.674,95.556,586.236,606.856,0.079,0.135,0.146,0.402,56.619,53.538,206.1,77,53.044
2023-11-03 01:45:00,12.033,13.97,3.864,0.1,46.803,90.181,26.639,33.061,283.488,279.518,393.269,140.45,0,3.397,8.845,116.486,149.149,197,568.33,19.295,297.808,12.553,711.786,18.466,8.455,20.764,49.955,638.335,36.696,9.887,32.357,38.674,98.333,612.375,635.585,0.079,0.142,0.146,0.402,55.072,53.178,202.395,74.043,52.515
2023-11-03 02:00:00,10.979,19.594,4.071,0.1,52.84,91.591,25.331,32.512,286.312,288.451,409.798,188.107,0,3.397,8.501,105.989,149.149,192.646,568.33,18.626,294.857,10.946,718.354,21.649,9.47,19.817,48.958,659.829,33.184,9.282,33.284,38.276,101.111,638.033,660.376,0.079,0.142,0.146,0.402,54.267,52.589,199.434,71.338,52
2023-11-03 02:15:00,10.22,38.478,4.287,0.1,56.255,93.001,22.559,29.79,286.312,297.427,420,239.358,0,4.222,7.813,107.478,149.149,186.413,577.003,18.626,291.524,10.418,723.283,24.834,8.455,19.186,48.958,679.393,29.011,8.891,34.067,38.276,102.222,663.741,681.146,0.079,0.148,0.146,0.402,53.519,51.387,197.216,68.669,51.748
2023-11-03 02:30:00,9.438,81.001,4.287,0.1,56.906,91.591,21.822,28.178,286.312,306.498,424.596,284.117,0,20.374,7.134,105.244,154.745,180.334,592.61,18.2,288.082,9.895,728.213,27.109,8.793,18.555,48.958,695.055,24.523,8.318,34.702,38.276,102.778,694.167,702.008,0.079,0.148,0.146,0.402,52.465,50.147,195.738,66.009,51.496
2023-11-03 02:45:00,8.999,116.504,4.504,0.1,55.587,90.181,19.288,26.583,286.312,313.109,430.575,333.288,0,23.413,6.8,101.528,157.552,174.174,608.207,18.626,284.553,8.863,731.5,29.385,10.148,17.924,46.97,708.764,21.461,7.754,35.508,38.276,101.111,721.984,722.965,0.079,0.148,0.146,0.402,50.705,49.11,193.521,63.355,51.496
2023-11-03 03:00:00,8.184,159.532,4.504,0.1,54.233,87.377,19.288,25.528,287.735,315.782,435.807,374.739,0,21.89,8.501,100.043,160.37,168.559,627.255,19.749,278.651,7.866,734.788,29.841,12.867,17.924,45.98,718.559,17.893,7.754,36.166,38.276,98.333,749.941,739.793,0.092,0.162,0.202,0.402,46.923,48.12,190.567,60.706,51.496
2023-11-03 03:15:00,7.804,192.991,4.504,0.1,53.547,84.591,16.664,25.006,287.735,319.818,443.494,400.169,0,20.879,11.97,89.674,154.745,164.065,646.276,22.102,275.572,6.931,739.721,30.296,14.912,17.924,43.028,728.353,14.497,7.195,37.015,37.891,94.448,767.244,756.677,0.092,0.162,0.233,0.402,42.523,47.383,188.353,58.065,51.748
2023-11-03 03:30:00,7.43,208.897,4.504,0.171,52.84,83.207,15.803,23.449,289.157,322.526,447.603,422.005,0,19.869,17.999,78.613,147.761,160.133,663.529,28.737,272.066,6.931,744.655,28.475,16.96,17.924,41.075,736.191,11.827,7.195,37.711,37.507,89.656,787.293,769.375,0.092,0.169,0.202,0.429,40.471,46.405,185.404,56.311,51.496
2023-11-03 03:45:00,7.073,211.175,4.504,0.134,52.84,80.446,14.096,22.42,290.58,322.526,451.858,435.54,0,18.355,22.604,80.818,142.235,156.762,680.736,33.974,267.825,6.931,749.591,26.654,16.277,17.924,40.104,744.028,9.973,7.195,38.6,37.122,83.987,799.176,777.859,0.092,0.162,0.233,0.429,41.981,45.92,183.93,55,51.748
2023-11-03 04:00:00,6.72,202.068,4.504,0.21,47.611,77.703,14.096,21.913,296.331,326.613,454.02,449.378,0,16.841,23.376,83.764,138.141,152.83,696.161,37.129,264.462,12.553,757.819,25.289,15.254,17.609,37.213,749.906,8.909,7.195,39.505,37.122,77.873,811.047,786.357,0.092,0.162,0.202,0.429,47.65,45.448,181.723,54.567,51.748
2023-11-03 04:14:59,6.368,188.468,4.504,0.171,36.86,76.336,14.096,21.913,305.063,330.727,456.241,463.262,0,15.832,23.376,85.978,136.782,150.021,709.811,36.658,261.193,19.379,764.404,22.559,14.571,17.924,35.308,757.744,8.018,7.567,40.62,36.758,73.767,818.951,794.868,0.092,0.155,0.202,0.429,51.595,45.677,180.988,54.567,51.748
2023-11-03 04:30:00,6.195,174.99,4.287,0.21,26.334,76.336,14.096,20.402,306.524,333.484,456.241,472.519,0,14.319,22.604,86.717,138.141,146.649,720.011,33.974,258.05,21.733,774.284,19.375,14.912,18.555,33.422,767.542,7.465,7.754,42.184,36.393,68.337,830.797,803.394,0.079,0.162,0.146,0.429,52.112,45.92,180.988,54.139,51.748
2023-11-03 04:45:00,6.037,161.713,4.287,0.339,19.359,74.978,15.803,19.904,306.524,332.104,454.02,477.148,0,12.806,21.059,92.632,140.86,144.401,732.641,31.502,254.956,24.107,787.464,16.197,15.936,19.502,32.487,775.38,7.056,7.754,43.841,36.029,61.938,838.689,807.663,0.079,0.162,0.12,0.456,51.216,46.163,180.988,53.714,51.496
2023-11-03 05:00:00,5.881,148.764,4.504,0.339,15.595,76.336,16.664,19.406,306.524,333.484,454.02,481.78,0,12.302,19.52,90.413,142.235,142.714,744.357,29.126,253.414,25.299,799.001,14.388,17.643,20.133,31.558,785.178,6.715,7.754,45.779,35.673,56.042,842.635,811.933,0.106,0.162,0.12,0.456,48.404,46.405,182.458,52.874,51.248
2023-11-03 05:15:00,5.727,136.336,4.504,0.339,12.59,76.336,14.096,19.406,303.601,336.253,451.858,486.414,0,11.295,18.756,91.153,143.611,141.59,756.819,27.201,251.104,25.299,810.542,13.037,19.009,21.396,28.809,794.975,6.375,7.754,47.849,35.316,50.155,850.521,816.21,0.119,0.169,0.172,0.483,45.547,46.405,181.723,52.457,51.248
2023-11-03 05:30:00,5.881,124.719,4.754,0.21,10.813,76.336,14.096,19.406,294.889,339.032,451.858,486.414,0,11.295,17.257,94.114,144.986,141.59,767.562,24.631,249.566,23.512,823.736,11.251,19.693,22.029,27.906,806.733,6.171,7.754,50.003,35.316,43.934,854.462,820.487,0.119,0.176,0.172,0.483,43.084,46.163,182.458,50.807,50.999
2023-11-03 05:45:00,5.881,115.074,5.004,0.21,9.04,76.336,12.422,18.428,279.287,339.032,449.696,486.414,0,9.789,16.54,92.632,146.374,142.152,774.153,23.941,248.031,21.733,835.284,9.932,20.035,22.345,27.906,818.491,5.968,7.754,51.784,34.96,38.072,858.404,824.77,0.131,0.169,0.172,0.483,40.471,45.92,180.988,50,50.755
2023-11-03 06:00:00,6.037,110.101,4.754,0.21,7.271,76.336,10.798,17.939,258.989,336.253,449.696,486.414,0,9.789,15.865,88.195,144.986,142.714,783.064,22.371,247.266,19.965,845.185,9.071,19.351,22.345,26.122,828.29,5.834,7.754,53.157,34.606,32.373,862.343,829.054,0.14,0.176,0.172,0.483,38.29,45.448,180.988,48.82,50.51
2023-11-03 06:15:00,6.195,104.806,4.754,0.21,7.271,74.978,9.401,17.939,234.027,337.641,449.696,486.414,0,8.294,14.737,80.818,142.235,143.277,789.827,21.601,246.501,18.213,855.089,8.64,18.668,22.345,26.122,836.128,5.7,7.195,54.641,34.252,27.441,866.283,829.054,0.14,0.176,0.172,0.483,36.458,44.991,179.52,47.272,50.268
2023-11-03 06:30:00,6.195,100.974,4.504,0.384,7.271,73.621,8.802,16.983,209.018,330.727,449.696,481.78,0,8.294,14.269,83.764,138.141,143.839,794.373,20.894,245.743,17.055,863.343,9.501,17.643,22.345,25.243,845.927,5.501,7.009,55.284,33.898,23.888,866.283,833.345,0.14,0.183,0.172,0.483,35.2,44.311,178.054,46.125,50.268
2023-11-03 06:45:00,6.195,98.236,4.287,0.52,6.688,70.925,7.886,16.505,184.772,315.782,447.603,486.414,0,7.305,13.84,80.082,132.736,145.525,796.646,19.977,244.985,15.339,871.6,10.372,15.254,22.661,25.243,853.765,5.435,6.639,55.968,33.898,20.978,870.22,837.636,0.14,0.183,0.202,0.456,33.838,43.644,175.86,45,50.51
2023-11-03 07:00:00,6.195,94.701,4.287,0.566,6.688,68.251,7.886,16.039,160.167,296.142,441.479,486.414,0,7.305,13.056,80.082,127.374,147.211,801.237,19.521,244.239,14.773,879.858,10.811,13.549,23.61,25.243,861.604,5.304,6.639,56.328,33.547,18.967,874.157,837.636,0.14,0.183,0.202,0.51,32.886,42.982,173.675,43.903,50.51
2023-11-03 07:14:59,6.037,92.1,4.071,0.566,18.096,64.288,7.012,15.572,138.605,271.893,430.575,486.414,0,6.811,12.686,77.145,120.703,146.649,803.533,19.295,243.493,13.653,886.466,10.372,11.506,24.875,25.243,869.442,5.238,6.454,56.328,33.547,17.269,878.092,841.934,0.14,0.183,0.202,0.536,32.24,42.321,171.499,42.453,50.755
2023-11-03 07:30:00,5.727,90.379,4.071,0.612,41.657,60.381,6.578,15.106,121.016,246.672,417.704,486.414,0,6.811,12.325,74.219,116.712,144.401,805.828,18.847,243.493,12.553,893.076,10.372,8.793,25.825,25.243,875.322,5.107,5.9,55.968,33.547,15.88,882.028,846.232,0.14,0.19,0.202,0.59,32.036,41.662,169.338,41.369,50.999
2023-11-03 07:45:00,5.574,88.666,3.864,0.566,54.92,56.553,6.578,14.653,106.211,221.741,393.269,481.78,0,6.326,11.97,72.034,111.4,141.59,812.769,18.41,242.77,11.477,898.034,10.372,7.106,25.825,26.122,883.16,5.107,5.9,55.284,33.547,15.061,885.961,850.538,0.14,0.204,0.233,0.59,31.837,40.782,166.483,40.321,51.248
2023-11-03 08:00:00,5.423,87.811,3.864,0.474,62.483,51.576,6.578,14.199,94.963,202.019,361.109,477.148,0,5.529,11.97,77.879,106.093,138.213,812.769,18.41,241.355,10.946,902.993,9.071,6.101,25.508,25.243,889.039,5.041,5.9,54.958,33.547,13.991,889.894,854.844,0.14,0.212,0.233,0,31.269,40.123,165.071,39.1,51.496
2023-11-03 08:15:00,5.209,86.958,3.658,0.474,68.719,49.154,5.721,13.746,86.046,184.948,321.419,467.89,0,5.529,11.97,77.879,103.442,134.263,812.769,17.793,240.662,10.418,907.953,8.64,4.771,24.558,25.243,894.918,4.976,5.532,54.03,33.898,12.953,893.825,854.844,0.14,0.226,0.202,0.642,30.74,39.464,161.594,37.694,52
2023-11-03 08:30:00,5.109,86.105,3.658,0.474,72.448,45.609,5.297,13.746,79.243,171.677,288.378,449.378,0,5.332,11.618,77.879,100.791,129.719,808.142,17.594,238.568,9.895,911.26,8.64,4.109,23.61,26.122,900.797,4.91,5.348,53.157,34.252,12.198,901.684,859.157,0.149,0.234,0.12,0.642,30.085,38.588,159.561,36.632,52.515
2023-11-03 08:45:00,5.009,85.254,3.658,0.474,74.498,43.321,5.297,13.307,73.6,160.927,261.209,426.473,0,4.943,11.269,69.135,98.141,125.163,803.533,17.397,237.154,9.376,914.568,8.64,3.115,22.345,26.122,906.676,4.845,5.348,52.052,34.606,11.233,905.612,863.469,0.149,0.248,0.102,0.668,29.477,37.932,157.57,35.611,53.044
2023-11-03 09:00:00,4.909,84.402,3.452,0.52,75.014,40.028,4.915,12.868,68.977,152.641,237.917,395.884,0,4.943,10.921,64.831,95.491,121.831,803.533,17.202,235.014,8.863,917.876,8.64,3.115,20.764,27.906,912.556,4.714,5.348,51,34.96,10.545,909.538,867.789,0.162,0.256,0.102,0.668,28.909,37.074,155.643,34.62,53.583
2023-11-03 09:15:00,4.707,83.552,3.452,0.612,75.531,36.888,4.188,12.868,64.604,144.429,218.82,362.219,0,4.943,10.575,66.975,92.842,117.994,789.827,16.817,233.576,8.359,919.53,8.64,2.785,18.87,26.122,918.435,4.649,5.348,49.76,35.316,10.324,917.385,872.11,0.149,0.248,0.12,0.642,28.637,36.268,152.582,33.891,54.132
2023-11-03 09:30:00,4.707,82.701,3.246,0.566,75.531,34.882,4.188,12.429,60.041,139.771,201.68,333.288,0,4.578,10.228,64.831,90.194,114.727,783.064,16.817,232.133,7.866,922.839,7.807,3.115,17.294,27.906,922.354,4.518,5.348,48.56,36.029,9.468,921.307,876.438,0.149,0.273,0.102,0.668,28.113,35.592,150.279,32.933,54.69
2023-11-03 09:45:00,4.594,81.851,3.246,0.474,75.531,33.907,4.188,12.015,56.555,133.989,188.007,300.473,0,4.399,9.882,60.599,86.223,111.47,769.731,17.202,230.686,7.866,922.839,7.39,2.785,15.722,27.906,926.274,4.388,5.164,47.143,36.758,9.261,929.145,885.102,0.162,0.312,0.12,0.694,27.735,35.17,148.01,31.987,54.972
2023-11-03 10:00:00,4.471,81.001,3.246,0.474,76.149,31.983,4.188,12.015,54.379,129.397,176.054,271.87,0,4.399,9.536,58.505,82.254,108.758,756.819,17.202,228.51,7.388,924.494,6.597,2.455,14.155,27.01,930.193,4.323,4.796,45.779,37.122,8.651,933.06,889.438,0.162,0.312,0.12,0.694,27.489,34.862,145.773,31.285,55.539
2023-11-03 10:14:59,4.356,79.303,3.041,0.474,75.531,31.983,4.188,11.6,52.305,124.835,165.822,247.456,0,4.222,9.191,55.042,76.968,105.506,740.393,17.793,226.327,6.931,922.839,6.2,2.455,13.218,26.122,932.153,4.193,4.796,44.479,37.507,8.057,940.886,893.782,0.162,0.337,0.102,0.694,27.127,34.529,143.017,30.356,55.539
2023-11-03 10:30:00,4.246,78.454,3.041,0.474,75.531,36.888,4.188,11.6,50.827,121.436,157.325,227.271,0,3.884,8.845,55.733,73.012,103.338,723.496,18.2,224.869,6.931,922.839,6.2,2.132,11.973,27.01,934.113,4.127,4.796,43.004,37.507,8.057,944.797,898.125,0.162,0.37,0.102,0.748,26.656,34.148,141.927,29.667,55.825
2023-11-03 10:45:00,4.036,76.757,3.041,0.474,73.989,44.465,3.843,11.186,49.367,116.934,147.218,207.393,0,3.884,8.845,54.352,69.066,100.629,708.11,17.793,222.676,6.5,921.184,6.2,1.533,11.352,25.243,936.072,3.997,4.796,41.782,37.891,7.668,948.703,906.828,0.176,0.409,0.102,0.748,26.425,33.741,139.767,28.985,56.113
2023-11-03 11:00:00,3.933,75.061,2.835,0.474,72.448,55.289,3.511,10.812,47.947,113.58,140.592,188.107,0,3.884,8.501,49.548,67.756,98.461,689.313,17.995,220.475,6.5,916.222,6.2,1.257,10.426,22.642,938.032,3.932,4.796,40.432,37.891,7.284,952.61,911.188,0.176,0.451,0.102,0.748,26.311,33.461,137.633,28.312,56.113
2023-11-03 11:15:00,3.933,73.365,2.835,0.474,70.34,65.601,3.179,10.812,46.555,110.248,134.131,173.425,0,3.721,8.156,46.821,66.447,95.752,670.418,18.2,218.27,6.098,909.607,5.466,1.257,10.118,19.242,938.032,3.932,4.796,39.141,37.891,7.093,952.61,915.548,0.176,0.451,0.083,0.8,26.425,33.321,136.049,27.651,56.113
2023-11-03 11:30:00,3.831,70.825,2.835,0.474,69.802,73.621,3.511,10.439,45.637,106.938,127.944,163.094,0,3.397,7.813,44.784,65.137,93.585,651.456,18.41,216.8,5.722,904.646,5.099,1.257,9.811,15.088,936.072,3.737,4.612,37.887,38.276,6.713,952.61,919.917,0.19,0.496,0.102,0.8,26.311,33.174,135.002,27.217,56.113
2023-11-03 11:45:00,3.73,69.134,2.63,0.474,69.264,81.822,4.188,10.439,44.281,103.65,123.589,153.594,0,3.397,7.472,43.433,65.137,90.876,634.175,17.793,214.594,5.722,894.729,5.099,1.257,9.505,13.466,936.072,3.672,4.245,36.672,37.507,6.337,956.511,919.917,0.176,0.474,0.12,0.827,26.083,33.027,133.96,26.581,56.401
2023-11-03 12:00:00,3.73,67.446,2.63,0.474,68.719,87.377,5.297,10.065,42.936,100.386,122.178,145.22,0,3.087,7.134,42.761,65.137,88.708,615.136,17.202,212.387,5.722,884.814,4.126,1.079,9.505,12.667,934.113,3.606,4.245,35.508,37.507,6.15,956.511,924.285,0.19,0.544,0.366,0.853,25.745,32.88,132.925,25.966,56.113
2023-11-03 12:15:00,3.528,65.763,2.63,0.474,69.802,88.779,5.297,10.065,42.055,98.223,126.472,140.45,0,3.397,6.8,42.761,65.137,86.541,599.543,16.817,210.18,5.722,874.903,4.126,1.079,9.505,11.102,930.193,3.541,4.245,34.225,37.122,5.963,960.412,928.662,0.19,0.544,0.265,0.879,25.633,32.733,131.383,25.57,55.825
2023-11-03 12:30:00,3.528,64.085,2.424,0.474,70.34,90.181,5.297,9.713,41.174,95,135.733,136.489,0,3.087,6.473,42.088,66.447,84.374,582.206,16.436,208.708,5.366,861.692,4.126,0,9.199,9.594,924.314,3.541,4.245,33.128,36.758,5.592,956.511,928.662,0.19,0.544,0.265,0.905,25.3,32.586,130.362,25.186,55.825
2023-11-03 12:45:00,3.427,63.25,2.424,0.474,70.871,91.591,5.297,9.713,40.298,92.875,143.889,133.5,0,2.938,6.155,43.433,66.447,82.207,564.86,16.058,206.501,5.366,846.835,3.597,0,9.199,10.34,918.435,3.541,4.245,32.204,36.758,5.592,956.511,928.662,0.205,0.544,0.297,0.956,25.08,32.286,129.853,24.636,55.539
2023-11-03 13:00:00,3.427,61.585,2.424,0.339,70.871,93.001,5.297,9.713,39.429,90.78,152.256,130.819,0,2.795,5.851,42.088,66.447,80.581,547.51,15.87,204.294,5.028,831.984,3.333,0,8.894,9.594,910.596,3.346,4.245,31.148,36.393,5.592,956.511,928.662,0.19,0.544,0.332,0.982,24.86,32.135,128.338,24.28,55.254
2023-11-03 13:14:59,3.326,59.931,2.219,0.339,70.871,93.001,4.915,9.36,38.559,88.714,157.325,129.322,0,2.938,5.851,42.088,65.137,79.498,530.155,15.683,202.822,5.028,817.139,3.333,0,8.589,8.866,902.757,3.346,4.245,30.118,36.029,5.224,952.61,928.662,0.19,0.52,0.332,0.982,24.642,31.985,127.334,23.932,54.69
2023-11-03 13:30:00,3.225,58.294,2.219,0.339,70.34,93.001,5.297,9.36,37.698,86.675,159.022,127.74,0,2.938,5.567,40.749,65.137,77.873,516.269,15.309,200.614,4.704,800.65,3.333,0,8.286,8.866,892.959,3.346,4.245,28.958,35.673,5.042,948.703,924.285,0.176,0.496,0.366,1.006,24.315,31.683,125.341,23.423,54.132
2023-11-03 13:45:00,3.225,56.676,2.219,0.339,70.871,91.591,5.297,9.36,37.268,84.662,160.719,127.74,0,2.938,5.31,38.098,63.836,76.79,504.12,15.309,199.142,4.704,785.817,3.333,0,7.983,8.159,883.16,3.346,3.697,28.097,35.316,5.042,944.797,924.285,0.176,0.474,0.408,1.006,24.207,31.531,123.86,23.091,53.583
2023-11-03 14:00:00,3.225,55.086,2.219,0.384,70.871,90.181,5.297,9.008,36.407,82.674,160.719,130.819,0,2.938,5.31,38.098,62.534,75.165,490.233,14.75,197.67,4.704,769.343,3.333,0,7.681,8.159,871.402,3.281,3.879,27.107,34.96,5.042,940.886,919.917,0.19,0.474,0.408,1.006,23.99,31.38,122.88,22.604,53.044
2023-11-03 14:15:00,3.124,53.529,2.219,0.474,70.871,87.377,5.297,9.008,35.554,80.71,159.022,133.5,0,2.518,5.099,36.142,59.943,74.083,476.346,14.564,195.462,4.704,751.236,3.333,0,7.681,8.159,859.644,3.216,3.879,26.137,34.606,5.042,933.06,915.548,0.19,0.474,0.45,1.052,23.775,31.076,121.418,21.97,52.258
2023-11-03 14:30:00,3.124,53.529,2.219,0.474,70.34,85.984,6.145,9.008,35.128,79.737,159.022,136.489,0,2.518,4.927,36.142,56.091,73,467.666,14.192,193.99,4.704,734.788,3.597,0,7.38,8.159,847.886,3.086,3.697,25.053,34.252,4.678,925.226,911.188,0.19,0.474,0.45,1.073,23.56,30.923,119.967,21.2,51.748
2023-11-03 14:45:00,3.124,52.017,2.219,0.429,70.34,85.984,6.578,8.665,34.275,77.807,155.633,138.359,0,2.518,4.632,34.215,53.546,71.918,458.987,14.006,191.781,4.704,718.354,3.597,0,7.083,7.477,832.209,3.086,3.697,24.118,33.898,4.498,917.385,906.828,0.176,0.451,0.506,1.099,23.345,30.771,118.528,20.597,50.999
2023-11-03 15:00:00,3.124,51.273,2.219,0.339,70.871,85.984,6.578,8.665,33.852,76.851,152.256,140.45,0,2.518,4.632,32.335,51.048,70.295,448.571,13.634,190.308,4.391,701.939,3.333,0,6.787,6.823,818.491,3.086,3.697,23.193,33.196,4.498,905.612,898.125,0.19,0.43,0.506,1.124,23.131,30.466,117.574,20.152,50.026
2023-11-03 15:15:00,3.124,49.848,2.219,0.339,70.871,85.984,6.578,8.323,33.429,74.953,148.894,140.45,0,2.518,4.493,29.919,49.799,69.213,446.835,13.448,188.83,4.391,685.546,3.153,0,6.494,6.2,802.814,3.086,3.697,22.281,32.502,4.498,897.756,889.438,0.176,0.409,0.506,1.149,23.024,30.313,116.15,19.565,49.074
2023-11-03 15:30:00,3.024,48.5,2.424,0.339,70.871,85.984,6.578,8.323,33.007,74.012,147.218,142.743,0,2.518,4.355,29.919,48.582,67.59,438.155,13.263,186.603,4.391,667.544,2.793,0,6.494,6.2,789.097,3.086,3.697,21.26,32.159,3.965,885.961,880.766,0.19,0.39,0.506,1.149,22.811,30.007,114.737,19.13,48.371
2023-11-03 15:45:00,2.923,47.232,2.424,0.339,70.34,84.591,6.578,8.323,32.584,72.145,143.889,145.22,0,2.518,4.355,28.79,47.365,65.967,432.948,13.077,185.099,4.391,651.21,2.793,0,6.2,6.823,771.461,3.086,3.697,20.515,31.477,3.79,874.157,872.11,0.176,0.39,0.506,1.175,22.811,29.854,113.334,18.554,47.217
2023-11-03 16:00:00,2.923,47.866,2.63,0.339,70.34,84.591,6.578,8.323,32.584,71.219,140.592,142.743,0,2.518,4.355,27.726,46.148,64.885,427.74,12.892,182.779,4.088,636.54,2.793,0,6.2,0,755.784,3.021,3.697,19.903,31.477,3.965,862.343,863.469,0.176,0.37,0.45,1.229,22.704,29.701,111.941,17.982,46.308
2023-11-03 16:14:59,2.822,46.624,2.63,0.339,70.34,84.591,6.145,7.98,32.161,70.298,138.964,142.743,0,2.518,4.355,26.224,46.148,63.803,424.268,13.077,180.38,4.391,621.904,2.793,0,5.908,6.2,740.109,3.086,3.697,19.297,31.138,3.616,846.578,850.538,0.19,0.354,0.45,1.229,22.491,29.395,110.555,17.413,45.41
2023-11-03 16:30:00,2.822,45.422,2.63,0.339,70.34,84.591,6.578,7.98,31.743,69.381,137.335,142.743,0,2.518,4.493,26.224,44.975,62.722,419.06,12.706,178.77,4.391,607.306,2.793,0,5.908,0,724.435,3.086,3.697,18.816,29.79,3.445,834.744,841.934,0.176,0.337,0.45,1.271,22.279,29.088,109.18,16.988,44.305
2023-11-03 16:45:00,2.822,44.828,2.63,0.339,70.34,84.591,6.578,7.98,31.325,69.381,135.733,140.45,0,2.518,4.775,24.826,44.975,61.099,415.588,12.706,177.965,4.391,594.369,2.793,0,5.617,0,706.805,3.086,4.245,18.339,28.47,4.141,818.951,829.054,0.19,0.337,0.45,1.312,22.173,28.935,108.268,16.565,43.221
2023-11-03 17:00:00,2.822,44.828,2.424,0.339,70.34,84.591,6.578,7.98,30.906,69.381,134.131,138.359,0,2.518,4.927,25.28,43.803,60.017,412.116,12.706,176.356,4.391,581.47,2.793,0,5.617,0,691.139,3.086,4.245,17.746,27.187,6.15,803.134,816.21,0.19,0.312,0.45,1.396,22.067,28.935,107.359,16.142,42.17
2023-11-03 17:15:00,2.822,44.243,2.424,0.295,70.34,84.591,6.578,7.98,30.488,67.562,132.563,136.489,0,2.256,4.775,24.826,42.63,58.394,406.908,12.521,174.746,4.088,570.212,2.793,0,5.325,0,675.478,3.021,4.245,17.041,25.645,10.324,787.293,807.663,0.19,0.324,0.506,1.442,21.962,28.782,106.455,15.72,40.965
2023-11-03 17:30:00,2.822,44.243,2.424,0.21,70.34,83.207,7.012,7.98,30.07,66.66,132.563,134.861,0,2.256,4.493,24.372,40.403,57.312,405.172,12.151,173.137,4.088,558.974,2.793,0,5.325,0,659.829,2.891,4.245,16.344,24.153,12.699,771.338,794.868,0.205,0.337,0.506,1.489,22.067,28.476,105.104,15.299,40.025
2023-11-03 17:45:00,2.822,43.08,2.424,0.21,70.34,84.591,7.886,7.642,30.07,65.761,132.563,134.861,0,2.126,4.219,24.826,39.29,56.231,401.7,12.151,171.527,4.088,547.755,2.793,0,5.617,0,644.193,2.891,3.879,15.659,22.992,12.699,754.563,782.108,0.205,0.324,0.506,1.586,21.856,28.323,104.209,15.018,39.012
2023-11-03 18:00:00,2.822,43.08,2.424,0.295,70.34,84.591,7.886,7.642,29.657,64.867,130.995,133.5,0,2.126,4.219,23.492,38.306,54.609,398.228,12.151,169.917,4.088,538.152,2.642,0,5.617,0,630.531,2.891,3.697,14.981,21.286,11.47,735.972,769.375,0.205,0.354,0.506,1.685,21.436,28.17,102.873,14.598,38.131
2023-11-03 18:15:00,2.822,42.501,2.219,0.339,70.34,84.591,7.886,7.642,29.657,64.867,129.47,133.5,0,2.126,4.355,21.796,37.323,53.529,396.492,11.781,168.308,4.088,528.559,2.567,0,5.617,0,614.948,2.891,3.697,14.307,19.9,10.324,717.326,756.677,0.205,0.37,0.506,1.785,21.646,28.017,102.429,14.178,37.455
2023-11-03 18:30:00,2.822,41.925,2.219,0.339,70.34,84.591,6.578,7.642,29.244,63.978,129.47,132.217,0,2.126,4.493,21.384,36.339,52.451,391.285,11.781,166.698,4.391,518.975,2.567,0,5.617,0,601.352,2.891,3.697,13.635,18.551,9.468,698.768,748.228,0.205,0.37,0.506,1.835,21.436,27.711,101.103,13.898,36.678
2023-11-03 18:45:00,2.822,41.925,2.424,0.339,70.34,84.591,6.578,7.642,29.244,63.093,127.944,132.217,0,2.126,4.632,20.567,35.504,50.857,387.813,11.597,165.089,4.391,510.994,2.642,0,5.617,0,589.738,2.891,3.697,12.965,16.989,8.852,680.512,735.579,0.205,0.39,0.506,1.886,21.122,27.557,100.662,13.758,35.794
2023-11-03 19:00:00,2.923,41.348,2.424,0.339,70.34,84.591,6.578,7.303,28.831,62.212,126.472,132.217,0,2.126,4.632,20.567,34.67,49.824,384.341,11.413,163.48,4.391,501.424,2.567,0,5.325,0,576.251,2.891,3.697,12.298,15.48,8.452,667.822,722.965,0.205,0.409,0.506,1.937,21.018,27.251,99.784,13.618,35.045
2023-11-03 19:14:59,2.923,40.773,2.63,0.339,70.34,84.591,6.578,7.303,28.418,62.212,126.472,130.819,0,2.126,4.632,19.762,34.67,49.314,377.397,11.413,161.87,4.704,493.455,2.567,0,5.033,0,562.853,2.891,3.697,11.75,14.24,8.057,652.266,714.572,0.205,0.409,0.506,2.039,20.914,27.098,98.474,13.338,34.298
2023-11-03 19:30:00,2.923,40.199,2.63,0.339,70.34,84.591,7.449,7.303,28.418,61.335,126.472,130.819,0,2.126,4.632,20.162,33.835,48.303,373.925,11.229,160.262,4.704,485.492,2.567,0,5.033,0,551.468,2.891,3.697,11.113,12.758,8.057,638.033,702.008,0.19,0.43,0.506,2.091,20.811,26.791,97.604,13.199,33.428
2023-11-03 19:45:00,2.923,40.199,2.63,0.295,69.802,84.591,7.012,7.303,28.005,60.463,125,130.819,0,2.126,4.493,19.762,33.835,47.3,370.453,11.046,158.653,5.028,479.126,2.567,0,5.033,0,540.2,2.891,3.879,10.705,11.526,8.651,624.819,693.652,0.205,0.451,0.506,2.143,20.604,26.638,96.737,13.059,32.561
2023-11-03 20:00:00,2.923,40.199,2.63,0.21,68.174,83.207,6.578,7.303,27.599,59.595,125,129.322,0,2.126,4.355,19.762,33.835,46.302,365.245,10.863,157.043,5.028,471.173,2.567,0,5.033,0,529.084,2.891,4.062,10.202,10.294,8.651,615.406,685.31,0.205,0.451,0.506,2.194,20.398,26.485,95.443,12.779,31.7
2023-11-03 20:15:00,3.024,39.625,2.63,0.21,66.509,83.207,7.012,6.965,27.193,59.595,123.589,129.322,0,2.126,4.355,19.361,33.101,45.306,361.773,10.681,155.435,5.028,464.815,2.567,0,5.033,0,518.161,2.891,3.697,9.707,9.067,8.651,603.411,672.827,0.19,0.474,0.506,2.194,20.194,26.178,95.013,12.5,30.735
2023-11-03 20:30:00,3.024,39.625,2.63,0.252,65.38,83.207,7.886,6.965,26.788,58.731,122.178,127.74,0,2.126,4.219,18.965,33.101,44.313,358.301,10.863,153.826,5.028,456.874,2.567,0,5.033,0,507.487,2.891,4.245,9.414,7.851,8.651,594.732,664.524,0.19,0.451,0.45,2.245,19.99,26.025,93.728,12.221,29.919
2023-11-03 20:45:00,3.024,39.625,2.63,0.21,64.234,83.207,7.886,6.965,26.788,58.731,122.178,127.74,0,2.126,4.083,18.57,32.366,43.817,353.093,10.681,152.216,4.704,450.527,2.493,0,5.033,0,498.838,2.891,4.245,9.029,6.906,8.651,586.236,656.236,0.19,0.474,0.45,2.245,19.688,25.871,92.876,12.081,29.002
2023-11-03 21:00:00,3.024,39.051,2.63,0.21,64.234,83.207,7.886,6.965,26.382,57.871,122.178,127.74,0,2.126,4.083,17.787,32.366,43.321,351.357,10.863,151.412,4.704,444.185,2.345,0,4.748,0,488.804,2.956,4.245,8.745,6.008,8.254,575.177,647.965,0.19,0.451,0.506,2.245,19.389,25.565,91.603,11.802,28.21
2023-11-03 21:15:00,3.024,39.051,2.424,0.21,64.234,83.207,7.886,6.965,26.382,57.015,120.82,127.74,0,2.126,3.946,16.247,31.632,42.825,347.885,10.5,149.804,4.704,437.849,2.419,0,4.464,0,480.805,3.281,3.879,8.467,5.2,8.057,567.053,639.709,0.19,0.43,0.45,2.245,19.094,25.411,90.757,11.523,27.201
2023-11-03 21:30:00,3.024,39.051,2.424,0.21,64.234,83.207,7.886,6.965,25.976,57.015,120.82,126.085,0,2.126,3.946,17.012,30.963,41.833,342.677,10.681,147.391,4.704,431.52,2.567,0,3.95,0,473.189,3.672,3.697,8.284,4.702,8.057,559.043,631.47,0.19,0.43,0.506,2.297,18.9,25.104,89.495,11.384,26.311
2023-11-03 21:45:00,3.024,39.051,2.424,0.21,64.234,83.207,7.886,6.965,25.976,56.164,120.82,126.085,0,2.126,3.81,16.63,29.625,41.337,342.677,10.681,146.587,4.391,425.198,2.493,0,3.784,0,466.098,3.672,3.697,8.016,4.271,7.862,551.178,623.248,0.19,0.43,0.506,2.245,18.709,24.797,88.24,11.105,25.425
2023-11-03 22:00:00,3.024,39.051,2.424,0.252,64.234,83.207,7.886,6.629,25.976,55.316,119.462,126.085,0,2.126,3.674,15.869,28.368,40.346,337.469,10.5,144.979,4.391,418.885,2.419,0,3.617,0,459.573,3.672,3.697,7.842,3.876,7.475,543.438,615.043,0.176,0.43,0.506,2.245,18.426,24.643,87.406,10.826,24.542
2023-11-03 22:14:59,2.923,39.051,2.424,0.21,64.234,83.207,7.886,6.629,25.58,54.473,119.462,126.085,0,2.126,3.674,15.491,27.134,39.354,332.261,10.319,143.371,4.088,412.58,2.419,0,3.617,0,453.712,3.672,3.697,7.672,3.5,7.475,535.878,606.856,0.162,0.409,0.506,2.245,18.333,24.335,86.161,10.687,23.551
2023-11-03 22:30:00,2.923,39.625,2.63,0.252,64.234,81.822,7.449,6.629,25.58,54.473,119.462,126.085,0,2.126,3.674,15.491,25.923,38.364,328.789,10.319,141.764,4.088,407.859,2.345,0,3.511,0,449.629,3.672,3.697,7.506,3.255,7.475,528.486,598.688,0.176,0.43,0.506,2.245,18.06,24.026,84.922,10.409,22.561
2023-11-03 22:45:00,2.923,39.625,2.63,0.339,64.234,80.446,7.886,6.629,25.58,53.634,118.15,124.367,0,1.997,3.538,15.119,25.331,37.374,327.053,10.319,140.163,4.088,401.572,2.345,0,3.511,0,444.778,3.802,3.697,7.345,2.891,7.093,521.343,590.538,0.176,0.409,0.506,2.245,17.97,23.87,84.1,10.131,21.572
2023-11-03 23:00:00,2.923,40.199,2.63,0.339,64.234,79.07,7.886,6.629,25.183,53.634,118.15,124.367,0,1.868,3.538,14.747,25.331,36.385,323.581,10.319,139.383,3.793,396.865,2.345,0,3.406,0,440.013,3.867,3.697,7.189,2.651,6.903,514.409,582.407,0.176,0.43,0.506,2.245,17.794,23.559,83.281,9.992,20.803
2023-11-03 23:15:00,2.822,40.199,2.63,0.339,64.234,77.703,7.886,6.629,25.183,52.799,118.15,124.367,0,1.739,3.538,14.747,25.331,35.892,320.109,10.139,137.846,3.793,390.599,2.345,0,3.406,0,436.243,3.867,3.697,7.114,2.412,6.903,507.656,574.295,0.162,0.409,0.562,2.245,17.707,23.404,82.465,9.714,19.925
2023-11-03 23:30:00,2.822,40.773,2.63,0.339,64.234,76.336,7.886,6.629,24.787,52.799,116.837,124.367,0,1.739,3.538,15.119,25.331,34.909,316.637,10.139,136.352,3.506,385.91,2.345,0,3.32,0,431.581,3.867,3.697,7.04,2.179,6.903,501.022,570.245,0.162,0.39,0.562,2.194,17.453,23.087,81.65,9.576,19.048
2023-11-03 23:45:00,2.822,40.773,2.63,0.339,64.234,74.978,7.886,6.292,24.787,52.799,115.562,124.367,0,1.739,3.402,14.747,25.331,33.934,311.429,9.959,135.615,3.506,381.228,2.345,0,3.32,0,428.804,3.867,3.697,6.967,1.951,6.903,496.67,562.164,0.162,0.39,0.562,2.194,17.37,22.929,80.839,9.437,18.17
2023-11-04 00:00:00,2.822,41.348,2.63,0.339,64.234,73.621,7.886,6.292,24.787,52.799,114.288,122.596,0,1.739,3.402,17.907,24.739,33.287,309.692,9.959,134.161,3.506,376.556,2.345,0,3.234,0,424.205,3.737,3.697,6.827,1.841,6.903,490.234,554.104,0.162,0.409,0.562,2.143,18.879,22.334,80.321,9.028,17.404
2023-11-04 00:15:00,2.822,41.348,2.63,0.339,64.234,73.621,7.886,6.292,24.39,52.799,113.045,122.596,0,1.739,3.402,17.907,25.62,32.371,306.22,9.959,133.456,3.225,370.338,2.345,0,3.234,0,420.548,3.672,3.697,6.76,1.73,6.903,483.88,546.065,0.162,0.409,0.562,2.143,18.365,22.163,79.532,8.893,16.747
2023-11-04 00:30:00,2.822,41.348,2.63,0.339,64.234,72.273,7.886,6.292,24.39,51.968,111.802,122.596,0,1.739,3.402,17.907,25.62,31.928,302.748,9.959,132.061,3.225,367.233,2.345,0,3.152,0,416.905,3.672,3.697,6.695,1.63,6.713,479.692,542.057,0.162,0.43,0.562,2.143,18.023,21.82,78.352,8.759,15.873
2023-11-04 00:45:00,2.721,41.348,2.835,0.339,64.234,72.273,7.886,6.292,24.39,51.968,110.585,122.596,0,1.739,3.402,17.31,25.62,31.085,299.276,9.599,130.695,3.225,362.58,2.345,0,3.152,0,413.277,3.541,3.697,6.695,1.431,6.337,473.472,534.051,0.162,0.409,0.562,2.143,17.852,21.478,77.569,8.625,15.218
2023-11-04 01:00:00,2.721,40.773,2.835,0.339,64.234,70.925,7.886,6.292,23.994,51.141,108.174,122.596,0,1.739,3.402,17.31,25.62,30.69,297.54,9.419,130.019,3.225,357.932,2.345,0,3.07,0,409.659,3.476,3.697,6.631,1.274,6.337,469.358,526.068,0.162,0.409,0.562,2.091,17.34,21.1,76.789,8.492,14.348
2023-11-04 01:14:59,2.721,40.773,2.835,0.429,64.234,72.273,7.886,5.956,23.994,51.141,106.978,120.779,0,1.739,3.402,16.724,25.62,30.316,295.803,9.599,128.691,2.95,354.835,2.345,0,3.07,0,406.051,3.476,3.697,6.57,1.148,6.337,463.228,522.083,0.162,0.409,0.562,2.091,17.169,20.911,75.623,8.358,13.59
2023-11-04 01:30:00,2.621,40.773,2.835,0.339,64.234,72.273,7.886,5.956,23.994,50.319,105.8,120.779,0,1.739,3.267,16.724,25.62,29.969,294.067,9.419,128.038,2.95,350.194,2.345,0,2.989,0,403.349,3.411,3.697,6.57,1.099,5.963,459.171,514.136,0.162,0.409,0.562,2.091,16.829,20.533,74.85,8.225,12.944
2023-11-04 01:45:00,2.721,40.773,3.041,0.384,63.657,72.273,7.886,5.956,23.61,50.319,105.8,120.779,0,1.739,3.267,16.724,25.62,29.651,288.859,9.419,126.743,2.95,347.102,2.345,0,2.989,0,399.754,3.281,3.697,6.57,1.051,5.777,453.121,510.175,0.162,0.409,0.562,2.091,16.489,20.103,73.695,7.96,12.301
2023-11-04 02:00:00,2.721,40.199,3.041,0.474,61.886,72.273,7.886,5.956,23.61,50.319,104.623,118.922,0,1.739,3.267,15.569,24.985,29.126,288.859,9.24,125.468,2.95,342.467,2.345,0,2.908,0,397.06,3.281,3.697,6.57,1.016,5.777,449.106,502.265,0.162,0.409,0.562,2.091,16.319,19.673,72.928,7.828,11.876
2023-11-04 02:15:00,2.721,40.199,3.041,0.339,59.45,72.273,7.886,6.292,23.61,50.319,103.46,118.922,0,1.739,3.267,15.569,24.35,28.931,285.387,9.24,124.835,2.95,339.38,2.345,0,2.908,0,393.472,3.281,3.697,6.57,0.982,5.592,445.106,494.382,0.162,0.39,0.626,2.091,15.981,19.205,72.165,7.696,11.346
2023-11-04 02:30:00,2.621,39.625,3.041,0.384,56.906,72.273,7.886,6.292,23.226,50.319,103.46,117.028,0,1.739,3.133,15.569,23.716,28.79,283.651,9.24,123.586,2.683,336.293,2.345,0,2.908,0,390.784,3.281,3.515,6.57,0.947,5.224,441.118,490.446,0.162,0.39,0.626,2.091,16.15,18.953,71.024,7.434,10.924
2023-11-04 02:45:00,2.621,39.625,3.041,0.384,56.255,72.273,7.886,6.292,23.226,50.319,103.46,117.028,0,1.739,3.133,14.511,23.081,28.79,278.442,9.06,122.352,2.683,331.667,2.264,0,2.908,0,387.202,3.151,3.697,6.57,0.947,5.224,437.141,486.524,0.149,0.39,0.626,2.091,15.812,18.448,70.267,7.303,10.502
2023-11-04 03:00:00,2.721,39.051,3.041,0.429,55.587,70.925,7.886,6.292,22.843,50.319,103.46,115.1,0,1.739,3,14.511,23.081,28.658,276.706,9.06,121.132,2.683,328.585,2.264,0,2.827,0,384.517,3.086,3.333,6.57,0.92,5.224,433.174,478.692,0.149,0.37,0.562,2.091,15.644,17.583,69.137,7.173,10.079
2023-11-04 03:15:00,2.721,39.051,3.041,0.384,55.587,70.925,7.886,6.292,22.843,49.501,103.46,115.1,0,1.739,3.133,14.511,22.447,28.658,273.233,9.06,119.924,2.683,325.505,2.264,0,2.827,0,380.94,3.086,3.515,6.631,0.894,4.678,429.216,474.784,0.14,0.37,0.626,2.039,15.477,17.278,68.387,7.043,9.763
2023-11-04 03:30:00,2.721,38.478,3.041,0.339,55.587,70.925,7.886,6.292,22.843,49.501,103.46,115.1,0,1.61,3.133,14.511,21.813,28.501,271.497,9.06,118.728,2.683,322.427,2.345,0,2.827,0,378.258,3.086,3.153,6.631,0.894,4.678,425.264,470.89,0.149,0.37,0.626,2.039,15.309,16.369,67.64,6.914,9.447
2023-11-04 03:45:00,2.721,38.478,3.041,0.339,55.587,70.925,7.886,6.292,22.843,49.501,103.46,113.137,0,1.399,3.133,14.022,21.813,28.334,268.024,9.06,117.543,2.683,319.35,2.184,0,2.746,0,375.577,3.086,3.153,6.695,0.867,4.678,421.32,466.996,0.149,0.37,0.626,2.039,15.142,15.775,66.524,6.914,9.237
2023-11-04 04:00:00,2.822,37.905,3.246,0.339,55.587,70.925,7.886,6.292,22.459,48.687,103.46,113.137,0,1.399,3,14.022,21.813,28.164,266.288,8.881,116.955,2.683,316.276,2.103,0,2.746,0,372.897,3.021,3.153,6.695,0.867,4.319,417.382,459.236,0.149,0.354,0.626,2.039,14.975,15.478,65.415,6.785,9.027
2023-11-04 04:14:59,2.923,37.331,3.246,0.339,55.587,69.588,7.886,6.292,22.459,48.687,102.297,113.137,0,1.399,3,13.229,21.813,27.992,262.815,8.881,115.784,2.424,313.204,2.264,0,2.746,0,370.217,3.021,3.153,6.76,0.894,4.141,413.45,455.371,0.149,0.354,0.562,1.988,14.642,14.985,64.313,6.656,8.922
2023-11-04 04:30:00,2.923,37.331,3.246,0.339,55.587,69.588,7.886,5.956,22.459,47.877,102.297,113.137,0,1.399,3,13.229,21.179,27.648,259.342,8.523,115.201,2.424,310.134,2.345,0,2.666,0,367.538,2.891,3.153,6.827,0.894,4.141,409.521,451.506,0.149,0.354,0.562,1.988,14.476,14.594,63.582,6.528,8.713
2023-11-04 04:45:00,2.923,37.331,3.246,0.339,55.587,68.251,7.886,5.956,22.459,47.877,102.297,113.137,0,1.399,2.87,12.882,21.179,27.472,257.606,8.523,114.043,2.424,307.067,2.345,0,2.666,0,364.859,2.891,3.153,6.827,0.894,4.141,405.596,447.656,0.149,0.337,0.562,1.988,14.31,14.398,62.853,6.401,8.609
2023-11-04 05:00:00,3.024,36.758,3.246,0.339,55.587,66.926,7.886,5.956,22.843,47.071,101.145,113.137,0,1.399,2.87,12.882,20.545,27.283,255.869,8.523,112.894,2.424,302.471,2.345,0,2.666,0,361.288,2.891,3.153,6.896,0.947,4.141,401.675,439.973,0.131,0.324,0.562,1.988,14.144,14.041,61.767,6.401,8.505
2023-11-04 05:15:00,3.124,36.758,3.246,0.339,54.92,65.601,7.886,5.956,22.843,47.071,101.145,113.137,0,1.399,2.87,12.534,20.545,27.283,252.397,8.344,111.754,2.424,300.941,2.345,0,2.666,0,358.61,2.891,3.153,6.967,0.982,3.79,397.757,436.139,0.131,0.324,0.506,1.937,14.144,13.719,61.045,6.147,8.299
2023-11-04 05:30:00,3.124,36.758,3.452,0.339,55.587,64.288,7.886,5.956,22.843,47.071,101.145,113.137,0,1.399,2.87,12.534,19.911,27.054,252.397,8.523,111.188,2.424,297.883,2.345,0,2.586,0,355.932,2.891,3.153,6.967,1.051,3.616,395.798,432.322,0.131,0.312,0.506,1.937,13.978,13.397,59.97,6.147,8.197
2023-11-04 05:45:00,3.124,36.185,3.452,0.339,55.587,62.976,7.886,5.956,22.843,47.071,99.994,111.139,0,1.399,2.87,12.534,19.911,26.712,250.66,8.344,110.06,2.424,294.828,2.345,0,2.586,0,354.147,2.891,3.153,7.04,1.148,3.616,391.884,428.504,0.131,0.312,0.506,1.835,13.812,13.245,59.257,6.021,8.094
2023-11-04 06:00:00,3.124,36.185,3.246,0.339,55.587,62.976,7.886,5.956,22.459,46.27,98.852,111.139,0,1.399,2.741,12.21,19.911,26.08,247.187,8.165,108.941,2.424,293.303,2.264,0,2.586,0,351.47,2.826,3.153,7.04,1.274,3.79,387.971,424.703,0.131,0.302,0.45,1.835,13.812,12.942,58.547,5.896,8.094
2023-11-04 06:15:00,3.225,36.185,3.246,0.339,55.587,61.678,7.886,5.956,22.075,46.27,98.852,111.139,0,1.399,2.741,11.887,19.911,25.341,247.187,8.165,108.384,2.424,290.254,2.184,0,2.586,0,348.793,2.761,3.153,7.04,1.431,3.965,386.015,420.902,0.14,0.302,0.45,1.785,13.646,12.639,57.488,5.896,7.993
2023-11-04 06:30:00,3.225,36.185,3.246,0.339,55.587,60.381,7.886,5.956,22.075,47.071,96.576,111.139,0,1.399,2.741,11.887,19.277,24.81,243.714,8.165,107.278,2.424,287.211,2.103,0,2.508,0,346.115,2.696,3.153,7.04,1.531,3.965,382.105,417.118,0.14,0.302,0.45,1.785,13.48,12.34,56.786,5.771,7.993
2023-11-04 06:45:00,3.225,35.612,3.246,0.339,54.92,60.381,8.344,5.621,22.075,47.071,95.443,111.139,0,1.399,2.612,11.264,19.277,24.405,241.977,8.165,106.731,2.173,285.69,2.103,0,2.508,0,343.438,2.696,3.153,7.04,1.841,4.141,380.15,413.335,0.14,0.302,0.506,1.785,13.48,12.041,55.739,5.647,8.094
2023-11-04 07:00:00,3.124,35.612,3.246,0.339,54.92,60.381,8.344,5.621,22.075,47.071,94.317,111.139,0,1.399,2.612,11.575,19.277,24.073,240.24,7.987,105.641,2.173,282.653,2.103,0,2.508,0,340.761,2.696,3.153,6.967,2.062,4.141,376.242,409.568,0.131,0.302,0.45,1.785,13.314,11.891,54.7,5.523,8.094
2023-11-04 07:14:59,3.124,35.612,3.246,0.339,54.92,59.099,7.886,5.621,21.708,47.071,93.19,109.099,0,1.399,2.612,11.264,19.277,23.784,238.504,7.987,104.561,2.173,281.138,2.184,0,2.508,0,338.977,2.696,3.153,7.04,2.295,4.678,374.288,405.802,0.131,0.302,0.506,1.835,13.314,11.594,54.011,5.523,8.299
2023-11-04 07:30:00,3.124,35.612,3.246,0.295,55.587,59.099,7.886,5.621,21.708,46.27,92.07,109.099,0,1.399,2.612,11.264,19.277,23.52,236.767,7.808,103.495,2.173,278.111,2.184,0,2.508,0,336.3,2.696,3.333,6.967,2.412,4.678,370.382,402.054,0.14,0.291,0.45,1.785,13.314,11.297,52.984,5.4,8.402
2023-11-04 07:45:00,3.124,35.039,3.246,0.339,55.587,59.099,8.344,5.621,21.708,46.27,92.07,109.099,0,1.399,2.612,10.957,18.646,23.52,233.293,7.808,102.442,2.173,276.598,2.184,0,2.508,0,333.623,2.696,3.153,6.896,2.531,4.319,368.429,398.306,0.131,0.282,0.45,1.735,13.148,11.149,52.305,5.4,8.402
2023-11-04 08:00:00,3.124,35.039,3.246,0.339,55.587,59.099,8.802,5.621,21.708,46.27,90.95,107.012,0,1.399,2.484,10.65,18.646,23.268,231.557,7.808,101.918,2.173,275.089,2.103,0,2.508,0,331.838,2.696,3.153,6.896,2.651,4.141,364.524,394.577,0.131,0.282,0.506,1.735,12.983,10.712,51.628,5.278,8.402
2023-11-04 08:15:00,3.024,35.039,3.246,0.339,55.587,59.099,7.886,5.286,21.341,45.473,89.837,107.012,0,1.399,2.484,10.345,18.014,23.023,229.82,7.987,101.402,2.173,273.581,2.184,0,2.508,0,329.161,2.696,3.153,6.827,2.531,4.141,362.572,390.847,0.131,0.282,0.45,1.785,12.983,10.566,50.621,5.157,8.505
2023-11-04 08:30:00,3.024,34.466,3.246,0.339,55.587,59.099,7.886,5.286,21.341,45.473,89.837,107.012,0,1.399,2.484,10.345,18.014,22.782,226.346,7.808,100.378,2.173,272.075,2.184,0,2.508,0,327.377,2.696,3.153,6.76,2.412,3.965,358.668,387.137,0.14,0.282,0.506,1.785,12.817,10.282,49.955,5.157,8.609
2023-11-04 08:45:00,3.024,36.185,3.246,0.339,55.587,59.099,7.886,5.286,21.341,45.473,88.724,104.867,0,1.399,2.484,10.65,18.014,22.543,224.61,7.808,99.371,2.173,270.57,2.264,0,2.508,0,324.7,2.761,3.153,6.695,2.412,3.616,356.716,383.426,0.131,0.291,0.506,1.785,12.651,10.007,49.291,5.036,8.609
2023-11-04 09:00:00,3.024,35.039,3.246,0.339,54.92,57.817,8.344,5.286,20.973,45.473,88.724,104.867,0,1.399,2.484,10.65,17.383,22.543,224.61,7.987,98.382,1.935,269.069,2.264,0,2.586,0,322.916,2.761,3.153,6.631,2.295,3.445,354.764,379.736,0.131,0.291,0.506,1.685,12.651,9.731,48.303,5.036,8.818
2023-11-04 09:15:00,2.923,35.039,3.246,0.339,54.92,59.099,8.802,5.286,20.973,44.681,88.724,104.867,0,1.399,2.484,10.65,17.383,22.304,219.399,7.987,97.893,1.935,267.568,2.264,0,2.508,0,320.239,2.761,3.153,6.511,2.179,3.445,350.861,376.045,0.131,0.302,0.506,1.685,12.32,9.473,47.976,4.917,8.922
2023-11-04 09:30:00,2.923,35.039,3.246,0.339,54.92,59.099,9.401,5.286,20.973,44.681,87.618,104.867,0,1.399,2.484,10.041,16.757,22.304,217.662,7.808,96.935,1.935,266.071,2.264,0,2.508,0,318.455,2.761,3.153,6.454,2.062,3.445,348.91,372.374,0.131,0.302,0.506,1.685,12.32,9.343,47,4.917,9.132
2023-11-04 09:45:00,2.923,35.039,3.246,0.339,54.92,59.099,9.401,5.286,20.973,44.681,88.724,102.652,0,1.399,2.357,10.041,16.757,22.066,214.188,7.808,96.468,1.935,264.574,2.103,0,2.508,0,316.671,2.761,2.793,6.4,2.062,3.445,346.959,372.374,0.131,0.291,0.562,1.636,12.32,9.085,46.05,4.798,9.132
2023-11-04 10:00:00,2.923,34.466,3.246,0.339,54.92,59.099,10,5.286,20.606,44.681,87.618,102.652,0,1.399,2.357,10.041,16.757,21.828,212.451,7.808,95.543,1.935,263.082,2.103,0,2.508,0,313.994,2.761,2.614,6.346,1.841,3.445,343.058,368.703,0.119,0.302,0.562,1.636,12.32,8.833,45.132,4.798,9.342
2023-11-04 10:14:59,2.822,34.466,3.246,0.339,55.587,59.099,11.596,5.286,20.606,44.681,87.618,102.652,0,1.399,2.357,10.041,16.13,21.828,210.713,7.808,94.636,1.935,261.59,2.103,0,2.508,0,312.209,2.761,2.614,6.29,1.73,3.445,339.157,365.053,0.131,0.291,0.626,1.586,11.988,8.582,44.536,4.68,9.447
2023-11-04 10:30:00,2.822,34.466,3.246,0.339,55.587,59.099,10.798,4.951,20.606,44.681,87.618,100.35,0,1.196,2.357,9.738,16.13,21.59,208.976,7.63,94.187,1.935,258.616,2.103,0,2.508,0,310.425,2.761,2.614,6.233,1.63,3.445,339.157,361.403,0.119,0.273,0.506,1.538,11.988,8.456,43.953,4.68,9.552
2023-11-04 10:45:00,2.822,33.893,3.246,0.339,55.587,59.099,10.798,4.951,20.606,43.893,87.618,100.35,0,1.399,2.357,9.738,16.13,21.352,203.763,7.63,93.304,1.935,257.135,2.103,0,2.586,0,308.641,2.761,2.614,6.174,1.531,3.445,335.257,357.774,0.106,0.273,0.408,1.538,11.822,8.206,43.095,4.563,9.552
2023-11-04 11:00:00,2.822,33.893,3.246,0.339,54.92,59.099,10.798,4.951,20.239,41.557,87.618,100.35,0,1.399,2.357,9.738,16.13,21.352,202.026,7.451,92.869,1.935,255.653,2.022,0,2.586,0,305.964,2.826,2.614,6.174,1.431,3.445,333.307,357.774,0.092,0.273,0.408,1.538,11.491,7.957,42.533,4.563,9.658
2023-11-04 11:15:00,2.822,33.893,3.246,0.339,54.92,59.099,11.596,4.951,20.239,43.893,87.618,97.94,0,1.297,2.357,10.041,16.13,21.114,200.288,7.451,92.005,1.935,254.178,2.022,0,2.586,0,304.179,2.956,2.614,6.114,1.353,3.445,331.358,354.146,0.106,0.273,0.408,1.538,11.491,7.832,41.977,4.446,9.658
2023-11-04 11:30:00,2.822,35.612,3.246,0.384,54.92,59.099,11.596,4.951,20.239,45.473,87.618,97.94,0,1.095,2.357,9.435,15.504,21.114,198.551,7.451,91.577,1.935,252.702,2.022,0,2.586,0,302.395,2.891,2.614,6.052,1.274,3.275,329.408,350.539,0.106,0.264,0.366,1.489,11.325,7.583,41.154,4.446,9.658
2023-11-04 11:45:00,2.822,33.893,3.246,0.339,54.92,59.099,11.596,4.951,20.239,43.11,86.512,97.94,0,1.095,2.357,9.435,15.504,20.877,195.076,7.273,90.732,1.935,251.233,1.94,0,2.586,0,300.611,2.761,2.614,5.988,1.196,2.942,327.459,346.932,0.092,0.264,0.408,1.489,11.16,7.458,40.612,4.33,9.237
2023-11-04 12:00:00,2.721,33.32,3.246,0.339,54.92,57.817,11.596,4.951,19.893,41.557,86.512,97.94,0,0.996,2.229,9.435,15.504,20.639,193.338,7.273,90.315,1.935,249.764,2.103,0,2.586,0,298.826,2.761,2.614,5.922,1.148,2.942,323.562,343.348,0.092,0.264,0.408,1.489,11.16,7.334,39.806,4.33,9.132
2023-11-04 12:15:00,2.721,33.32,3.246,0.339,54.92,57.817,11.596,4.951,19.893,41.557,87.618,97.94,0,1.196,2.229,9.136,15.504,20.402,189.862,7.451,89.486,1.935,248.302,2.103,0,2.586,0,296.15,2.761,2.614,5.853,1.099,2.78,321.613,343.348,0.092,0.264,0.366,1.442,10.828,7.209,39.538,4.33,9.027
2023-11-04 12:30:00,2.721,33.32,3.246,0.384,54.92,59.099,11.596,4.951,19.893,41.557,87.618,100.35,0,1.196,2.229,9.136,15.504,20.402,188.124,7.273,88.666,1.935,246.84,2.022,0,2.508,0,293.473,2.761,2.614,5.781,1.099,2.463,319.664,339.763,0.106,0.256,0.366,1.442,10.828,7.085,39.006,4.214,8.922
2023-11-04 12:45:00,2.721,32.748,3.041,0.384,54.92,57.817,11.596,4.951,19.893,41.557,86.512,97.94,0,1.297,2.229,8.837,15.504,20.165,186.386,7.273,88.258,1.935,243.93,2.103,0,2.508,0,292.581,2.761,2.614,5.705,1.051,2.463,317.716,336.201,0.106,0.256,0.332,1.442,10.828,6.961,38.476,4.214,8.818
2023-11-04 13:00:00,2.721,32.748,3.041,0.339,54.92,57.817,11.596,4.619,19.893,40.788,86.512,100.35,0,1.297,2.229,9.136,15.504,20.165,182.909,7.273,87.855,1.935,242.483,2.103,0,2.508,0,290.796,2.761,2.614,5.625,1.051,2.31,315.769,332.639,0.092,0.248,0.366,1.396,10.663,6.712,37.948,4.099,8.713
2023-11-04 13:14:59,2.721,32.748,3.041,0.295,54.92,57.817,10.798,4.619,19.547,40.788,86.512,100.35,0,1.297,2.229,8.545,15.504,20.165,182.909,7.094,87.052,1.935,241.037,2.103,0,2.43,0,289.012,2.761,2.614,5.54,1.016,2.31,313.822,332.639,0.106,0.248,0.366,1.354,10.497,6.712,37.421,4.099,8.505
2023-11-04 13:30:00,2.721,32.175,3.041,0.252,54.92,57.817,10.798,4.619,19.547,40.023,86.512,100.35,0,1.297,2.102,8.545,14.887,19.93,181.171,7.094,86.652,1.935,239.599,2.103,0,2.43,0,286.335,2.696,2.614,5.54,1.016,2.31,311.875,329.101,0.092,0.248,0.366,1.354,10.497,6.588,36.634,4.099,8.402
2023-11-04 13:45:00,2.621,32.175,3.041,0.21,54.233,57.817,10,4.619,19.547,40.023,85.414,100.35,0,1.196,2.102,8.545,14.887,19.698,177.694,7.094,85.86,1.935,238.16,2.103,0,2.43,0,285.443,2.566,2.614,5.448,0.982,2.31,309.928,325.563,0.106,0.273,0.506,1.396,10.497,6.464,36.372,4.099,8.197
2023-11-04 14:00:00,2.621,32.748,3.041,0.21,53.547,57.817,9.401,4.619,19.547,39.263,85.414,100.35,0,1.297,2.102,8.253,14.271,19.698,177.694,6.916,85.467,2.173,236.731,2.103,0,2.43,0,283.659,2.566,2.614,5.35,0.947,2.161,307.982,325.563,0.092,0.273,0.562,1.396,10.332,6.34,35.848,3.985,8.094
2023-11-04 14:15:00,2.621,32.175,3.041,0.21,52.134,57.817,10,4.619,19.547,39.263,85.414,100.35,0,1.297,2.102,8.253,14.271,19.469,174.217,6.916,84.684,2.173,235.301,2.022,0,2.43,0,281.875,2.566,2.614,5.35,0.92,2.015,306.036,322.049,0.079,0.273,0.562,1.396,10.166,6.217,35.326,3.871,7.892
2023-11-04 14:30:00,2.621,31.602,3.041,0.295,49.923,57.817,10,4.619,19.547,38.509,84.316,100.35,0,1.297,2.102,8.253,14.271,19.469,174.217,6.916,84.294,2.173,233.881,2.022,0,2.43,0,280.09,2.761,2.614,5.249,0.92,2.015,304.091,318.535,0.079,0.256,0.366,1.354,10.166,6.093,35.065,3.871,7.793
2023-11-04 14:45:00,2.621,31.602,3.041,0.21,49.923,56.553,9.401,4.619,19.547,37.759,84.316,97.94,0,1.297,2.229,8.545,14.271,19.469,174.217,6.738,83.519,2.173,233.881,2.103,0,2.43,0,278.305,2.761,2.614,5.249,0.894,2.015,300.201,318.535,0.079,0.256,0.366,1.312,10.166,6.093,35.065,3.871,7.694
2023-11-04 15:00:00,2.621,31.602,2.835,0.21,49.17,57.817,10,4.619,19.547,37.759,84.316,97.94,0,1.297,2.229,8.545,14.271,19.249,172.478,6.738,83.519,1.935,232.462,2.022,0,2.43,0,276.521,2.761,2.614,5.149,0.894,2.015,298.257,315.046,0.092,0.248,0.332,1.312,10.001,5.969,35.065,3.871,7.5
2023-11-04 15:15:00,2.621,31.029,2.835,0.21,49.17,57.817,9.401,4.619,19.547,37.015,84.316,97.94,0,1.297,2.229,7.977,14.271,19.249,172.478,6.738,83.519,1.935,232.462,2.103,0,2.43,0,274.737,2.761,2.614,5.149,0.867,2.015,296.313,311.556,0.092,0.256,0.332,1.312,10.001,5.847,34.282,3.758,7.406
2023-11-04 15:30:00,2.621,31.029,2.835,0.21,49.17,57.817,10,4.619,19.547,37.015,84.316,97.94,0,1.297,2.102,8.545,13.654,19.044,172.478,6.56,82.749,1.935,231.053,2.022,0,2.43,0,272.952,2.761,2.436,5.05,0.867,2.015,294.37,308.092,0.092,0.248,0.332,1.312,10.001,5.847,34.282,3.758,7.311
2023-11-04 15:45:00,2.621,31.029,2.835,0.21,49.17,57.817,9.401,4.619,19.547,37.015,84.316,97.94,0,1.297,2.102,7.977,13.654,19.044,170.739,6.56,82.366,1.709,231.053,2.103,0,2.355,0,272.06,2.761,2.436,5.05,0.846,2.015,292.428,308.092,0.106,0.241,0.332,1.312,9.836,5.725,34.282,3.758,7.127
2023-11-04 16:00:00,2.52,30.456,2.835,0.295,49.17,57.817,9.401,4.288,19.547,37.015,83.228,97.94,0,1.399,2.102,7.977,13.654,18.862,172.478,6.382,81.983,1.709,229.643,1.859,0,2.355,0,270.276,2.761,2.259,4.953,0.846,2.015,290.486,304.628,0.092,0.248,0.332,1.271,10.001,5.725,33.501,3.871,7.037
2023-11-04 16:14:59,2.52,30.456,2.835,0.21,49.17,57.817,9.401,4.288,19.547,37.015,84.316,95.399,0,1.399,2.102,8.253,13.654,18.862,170.739,6.56,81.602,1.709,229.643,1.94,0,2.355,0,268.492,2.761,2.436,4.953,0.846,2.015,288.545,304.628,0.092,0.241,0.332,1.271,10.001,5.602,33.501,3.871,6.947
2023-11-04 16:30:00,2.52,30.456,2.835,0.21,49.17,57.817,9.401,4.288,19.547,36.276,84.316,95.399,0,1.399,2.102,7.977,13.042,18.862,170.739,6.382,81.221,1.709,228.245,2.022,0,2.28,0,266.707,2.761,2.259,4.856,0.824,2.015,286.604,301.19,0.092,0.226,0.332,1.229,10.001,5.725,33.24,3.871,6.859
2023-11-04 16:45:00,2.52,29.883,2.835,0.21,49.17,57.817,8.802,4.288,19.547,36.276,84.316,95.399,0,1.399,2.229,7.701,13.042,18.72,167.261,6.382,80.842,1.709,226.847,2.103,0,2.28,0,265.815,2.761,2.259,4.761,0.803,1.738,284.664,297.753,0.092,0.226,0.332,1.229,9.836,5.725,32.72,3.758,6.684
2023-11-04 17:00:00,2.52,29.883,2.835,0.21,49.17,56.553,7.449,4.288,19.547,36.276,84.316,95.399,0,1.399,2.229,7.977,13.042,18.72,167.261,6.382,80.463,1.709,226.847,2.103,0,2.28,0,264.03,2.761,2.259,4.667,0.803,1.607,282.725,297.753,0.092,0.219,0.297,1.202,10.001,5.602,32.72,3.758,6.598
2023-11-04 17:15:00,2.42,29.883,2.835,0.21,49.17,55.289,6.578,4.288,19.547,35.542,83.228,95.399,0,1.399,2.229,7.977,12.429,18.72,167.261,6.382,80.085,1.709,225.46,1.94,0,2.28,0,263.138,2.761,2.084,4.667,0.803,1.607,280.787,294.341,0.079,0.219,0.297,1.175,9.836,5.602,32.72,3.645,6.513
2023-11-04 17:30:00,2.42,29.31,2.835,0.21,49.17,55.289,6.578,4.288,19.547,35.542,84.316,95.399,0,1.399,2.229,7.977,12.429,18.72,167.261,6.382,79.332,1.709,225.46,1.94,0,2.206,0,261.354,2.761,2.259,4.574,0.785,1.607,278.849,290.93,0.065,0.219,0.297,1.175,9.836,5.48,32.72,3.645,6.429
2023-11-04 17:45:00,2.42,29.31,2.63,0.21,49.17,54.044,6.578,4.288,19.201,34.813,83.228,95.399,0,1.399,2.229,7.977,12.429,18.571,167.261,6.382,78.955,1.5,224.074,2.022,0,2.206,0,259.569,2.631,2.259,4.482,0.785,1.607,278.849,290.93,0.065,0.219,0.297,1.149,9.836,5.48,32.46,3.645,6.346
2023-11-04 18:00:00,2.42,29.31,2.63,0.21,49.17,54.044,6.578,4.288,19.201,34.813,83.228,95.399,0,1.399,2.102,7.977,12.429,18.571,163.78,6.56,78.58,1.5,222.7,1.94,0,2.206,0,258.677,2.566,2.084,4.39,0.767,1.607,276.913,287.557,0.079,0.219,0.297,1.149,9.836,5.358,31.941,3.645,6.262
2023-11-04 18:15:00,2.42,29.31,2.63,0.21,49.17,52.799,6.578,4.288,19.201,34.813,83.228,95.399,0,1.399,2.229,7.701,12.429,18.571,162.04,6.56,78.205,1.5,222.7,1.859,0,2.206,0,256.893,2.501,2.084,4.39,0.767,1.607,274.976,287.557,0.079,0.219,0.297,1.149,9.671,5.24,31.941,3.645,6.18
2023-11-04 18:30:00,2.42,29.31,2.63,0.295,49.17,52.799,6.578,4.288,19.201,34.09,82.139,95.399,0,1.399,2.229,7.701,12.429,18.378,162.04,6.56,77.832,1.5,221.326,1.94,0,2.206,0,256.001,2.501,2.084,4.299,0.749,1.607,273.042,284.183,0.092,0.219,0.297,1.149,9.671,5.24,31.161,3.645,6.098
2023-11-04 18:45:00,2.32,28.737,2.63,0.21,49.17,52.799,6.578,4.288,19.201,34.09,81.062,95.399,0,1.399,2.229,7.701,12.429,18.378,162.04,6.56,77.458,1.5,219.965,1.859,0,2.132,0,254.216,2.501,2.084,4.209,0.749,1.607,271.108,280.856,0.079,0.219,0.332,1.149,9.671,5.122,30.902,3.645,6.017
2023-11-04 19:00:00,2.32,28.737,2.63,0.21,49.17,52.799,5.297,4.288,19.201,34.09,81.062,95.399,0,1.399,2.229,7.701,12.429,18.163,160.3,6.56,77.085,1.5,219.965,2.022,0,2.132,0,253.324,2.501,2.084,4.12,0.749,1.363,269.175,280.856,0.106,0.219,0.332,1.124,9.671,5.122,30.384,3.645,5.936
2023-11-04 19:14:59,2.32,28.737,2.63,0.21,49.17,51.576,4.915,3.956,18.855,33.373,79.986,95.399,0,1.399,2.229,7.701,12.429,18.163,160.3,6.738,76.34,1.5,218.604,1.859,0,2.132,0,252.432,2.501,2.084,4.12,0.749,1.25,267.243,277.528,0.106,0.219,0.297,1.124,9.506,5.122,30.125,3.645,5.856
2023-11-04 19:30:00,2.32,28.737,2.63,0.21,49.17,51.576,4.188,3.956,18.855,33.373,78.923,95.399,0,1.297,2.229,7.209,11.817,17.938,156.819,6.56,75.968,1.5,218.604,2.022,0,2.132,0,251.539,2.501,2.084,4.031,0.733,1.25,265.313,277.528,0.092,0.219,0.297,1.124,9.506,5.122,29.607,3.645,5.776
2023-11-04 19:45:00,2.32,28.164,2.63,0.21,49.17,51.576,4.188,3.956,18.855,33.373,77.86,95.399,0,1.399,2.229,7.209,11.817,17.938,156.819,6.56,75.226,1.5,217.257,1.859,0,2.132,0,249.755,2.566,2.084,3.943,0.733,1.25,263.384,274.243,0.092,0.212,0.332,1.124,9.506,5.003,29.349,3.534,5.697
2023-11-04 20:00:00,2.32,28.164,2.424,0.21,49.17,51.576,3.843,3.956,18.855,32.662,77.86,92.698,0,1.196,2.229,7.455,11.817,17.938,156.819,6.382,74.856,1.5,217.257,1.859,0,2.132,0,248.863,2.566,2.084,3.943,0.733,1.25,263.384,274.243,0.092,0.226,0.332,1.124,9.341,5.003,28.832,3.534,5.619
2023-11-04 20:15:00,2.32,28.164,2.424,0.21,49.17,51.576,3.179,3.956,18.855,32.662,77.86,92.698,0,1.095,2.229,7.455,11.817,17.709,156.819,6.382,74.117,1.5,215.91,1.859,0,2.132,0,247.971,2.501,2.084,3.856,0.717,1.25,261.457,270.959,0.079,0.241,0.297,1.099,9.341,5.003,28.575,3.534,5.541
2023-11-04 20:30:00,2.22,28.164,2.424,0.21,49.17,51.576,3.179,3.956,18.509,32.662,76.814,92.698,0,1.095,2.229,7.209,11.817,17.709,156.819,6.382,73.747,1.31,215.91,1.859,0,2.132,0,246.186,2.436,2.084,3.769,0.717,1.25,259.529,270.959,0.079,0.241,0.297,1.099,9.341,5.003,28.06,3.534,5.463
2023-11-04 20:45:00,2.22,28.164,2.424,0.21,49.17,50.353,4.533,3.956,18.509,31.956,76.814,92.698,0,1.095,2.229,7.209,11.315,17.709,153.337,6.382,73.008,1.31,214.577,1.94,0,2.132,0,245.294,2.371,2.084,3.769,0.717,1.25,259.529,267.715,0.079,0.234,0.297,1.073,9.341,4.885,27.803,3.534,5.386
2023-11-04 21:00:00,2.32,27.591,2.424,0.295,49.17,50.353,6.578,3.956,18.191,31.956,75.769,89.802,0,1.095,2.229,7.011,11.315,17.709,151.595,6.382,72.639,1.31,214.577,2.022,0,2.132,0,244.402,2.306,2.084,3.769,0.717,1.25,257.604,267.715,0.079,0.234,0.297,1.073,9.341,4.885,27.29,3.423,5.308
2023-11-04 21:15:00,2.32,27.591,2.424,0.21,49.17,50.353,7.886,3.956,18.191,31.956,75.769,89.802,0,1.095,2.229,7.209,11.315,17.478,151.595,6.382,71.903,1.31,213.245,1.94,0,2.206,0,243.51,2.306,2.084,3.682,0.701,1.25,255.68,264.471,0.079,0.234,0.297,1.073,9.176,4.885,27.29,3.423,5.231
2023-11-04 21:30:00,2.32,27.591,2.424,0.252,49.17,50.353,8.344,3.956,17.872,31.257,75.769,89.802,0,1.095,2.229,7.209,11.315,17.478,151.595,6.382,71.535,1.31,213.245,1.94,0,2.28,0,241.726,2.306,2.084,3.682,0.717,1.25,253.758,264.471,0.079,0.248,0.297,1.052,9.176,4.767,27.033,3.313,5.155
2023-11-04 21:45:00,2.32,27.591,2.424,0.252,49.17,50.353,8.802,3.956,17.554,31.257,75.769,89.802,0,1.095,2.102,7.011,11.315,17.478,151.595,6.382,70.8,1.31,213.245,1.94,0,2.355,0,240.833,2.306,2.084,3.596,0.717,1.25,253.758,261.265,0.092,0.241,0.297,1.073,9.176,4.767,26.522,3.313,5.079
2023-11-04 22:00:00,2.32,27.591,2.424,0.252,49.17,51.576,9.401,3.956,17.235,30.563,74.744,86.674,0,1.095,1.975,7.011,11.315,17.478,151.595,6.56,70.433,1.31,211.929,2.103,0,2.43,0,240.833,2.306,2.084,3.51,0.701,1.738,253.758,261.265,0.079,0.248,0.297,1.052,9.012,4.767,26.522,3.313,5.079
2023-11-04 22:14:59,2.32,27.018,2.424,0.252,49.17,51.576,9.401,4.288,17.235,30.563,74.744,86.674,0,1.095,1.975,7.209,11.817,17.478,149.853,6.382,70.066,1.31,211.929,1.859,0,2.43,0,239.941,2.306,2.084,3.51,0.701,2.62,253.758,261.265,0.079,0.241,0.265,1.052,9.012,4.767,26.522,3.205,5.155
2023-11-04 22:30:00,2.32,27.018,2.424,0.21,49.17,50.353,9.401,4.288,17.235,30.563,74.744,86.674,0,1.095,1.975,7.701,12.429,17.247,146.37,6.56,70.066,1.31,211.929,1.94,0,2.43,0,239.049,2.371,2.084,3.425,0.701,2.942,251.836,261.265,0.092,0.241,0.265,1.052,9.176,4.767,26.522,3.313,5.231
2023-11-04 22:45:00,2.32,27.018,2.424,0.21,49.17,50.353,9.401,4.288,16.917,29.876,74.744,86.674,0,1.095,1.847,8.253,12.429,17.247,148.112,7.094,69.699,1.31,211.929,1.94,0,2.355,0,239.049,2.306,2.084,3.425,0.717,2.62,251.836,261.265,0.079,0.248,0.265,1.031,9.836,5.003,26.522,3.313,5.231
2023-11-04 23:00:00,2.32,27.591,2.219,0.21,46.803,50.353,10,4.288,16.917,29.196,74.744,86.674,0,1.095,1.847,9.435,13.042,17.247,149.853,7.63,69.699,1.31,211.929,2.103,0,2.355,0,238.157,2.306,2.084,3.34,0.733,2.463,251.836,261.265,0.079,0.248,0.265,1.031,11.16,5.358,27.033,3.645,5.155
2023-11-04 23:15:00,2.32,27.591,2.219,0.295,42.567,49.154,9.401,4.619,16.917,28.521,74.744,86.674,0,1.095,1.847,10.041,14.271,17.247,149.853,8.523,69.332,1.31,211.929,2.103,0,2.28,0,238.157,2.306,2.084,3.256,0.717,2.463,249.918,261.265,0.092,0.248,0.265,1.006,13.646,5.969,28.317,4.446,5.155
2023-11-04 23:30:00,2.42,27.591,2.219,0.21,38.845,47.954,10.798,4.619,16.917,27.854,74.744,86.674,0,1.095,1.847,10.957,15.504,17.478,146.37,10.139,69.699,1.31,210.612,2.022,0,2.28,0,238.157,2.371,2.084,3.256,0.701,2.463,249.918,258.059,0.092,0.248,0.265,1.006,16.659,6.961,31.161,6.274,5.155
2023-11-04 23:45:00,2.42,27.591,2.219,0.21,36.86,47.954,11.596,4.951,16.917,27.193,73.719,86.674,0,1.095,1.847,12.882,16.13,17.709,146.37,12.521,70.066,1.31,209.312,2.103,0,2.206,0,237.265,2.371,2.084,3.171,0.701,2.78,249.918,258.059,0.092,0.256,0.265,1.006,20.425,8.456,34.804,9.433,5.079
2023-11-05 00:00:00,2.42,27.591,2.219,0.21,35.849,49.154,12.422,5.286,16.917,27.193,73.719,83.267,0,1.095,1.847,17.907,16.757,17.938,146.37,17.009,71.168,1.31,209.312,2.103,0,2.206,0,238.157,2.306,2.084,3.171,0.733,3.107,249.918,258.059,0.079,0.256,0.265,1.006,24.051,10.712,39.806,13.571,5.003
2023-11-05 00:15:00,2.42,24.728,2.219,0.21,35.849,47.954,14.096,5.621,16.633,26.54,73.719,83.267,0,1.095,1.847,24.588,19.277,18.571,146.37,22.966,73.377,1.31,210.612,2.103,0,2.132,0,239.049,2.371,2.084,3.171,0.803,3.445,249.918,258.059,0.079,0.256,0.233,1.006,27.861,13.88,46.361,18.132,5.231
2023-11-05 00:30:00,2.52,28.164,2.219,0.21,35.849,47.954,16.664,6.965,16.633,26.54,73.719,86.674,0,1.095,1.847,40.5,24.985,19.044,148.112,31.905,77.458,1.5,211.929,2.022,0,2.586,0,240.833,2.501,2.084,3.171,0.867,3.616,249.918,258.059,0.079,0.248,0.202,0.982,32.546,18.953,55.739,23.592,5.308
2023-11-05 00:45:00,2.52,28.737,2.219,0.295,35.849,47.954,22.559,9.36,16.917,25.893,73.719,86.674,0,1.739,1.975,65.54,30.704,19.93,146.37,38.085,82.366,1.709,213.245,1.94,0,2.746,0,242.618,2.761,2.084,3.088,0.867,4.141,249.918,258.059,0.079,0.256,0.233,0.982,37.609,22.812,67.267,31.136,5.231
2023-11-05 01:00:00,2.621,28.737,2.219,0.21,34.838,47.954,27.927,18.428,17.554,25.893,75.769,92.698,0,1.997,2.102,78.528,39.29,21.114,149.853,38.568,89.074,1.935,213.245,1.859,0,2.746,0,245.294,3.086,2.084,3.088,0.824,4.678,249.918,258.059,0.079,0.256,0.233,0.982,41.184,26.045,79.927,37.357,5.231
2023-11-05 01:14:59,2.52,29.31,2.219,0.21,34.838,50.353,33.03,25.528,18.855,28.521,78.923,97.94,0,1.997,2.102,79.191,64.767,22.304,151.595,37.129,97.414,2.424,213.245,2.642,0,2.908,0,247.971,3.216,2.436,3.171,0.803,5.408,249.918,258.059,0.065,0.264,0.265,0.982,42.474,29.112,93.346,43.177,5.155
2023-11-05 01:30:00,2.822,29.883,2.219,0.21,34.838,52.799,37.542,33.061,20.239,31.257,79.986,100.35,0,2.795,2.484,81.845,92.66,25.341,155.078,34.4,107.831,3.793,213.245,6.993,0,2.989,0,250.647,6.239,2.614,3.171,0.785,6.525,251.836,258.059,0.092,0.256,0.265,0.982,42.288,31.709,107.18,46.506,5.231
2023-11-05 01:45:00,3.225,29.883,2.219,0.21,34.838,52.799,40.523,41.53,22.075,31.956,78.923,100.35,0,3.087,3.402,85.834,103.315,28.79,158.559,33.552,119.924,5.028,213.245,9.071,0,3.406,0,251.539,17.107,3.515,3.256,0.767,7.475,251.836,258.059,0.092,0.264,0.265,0.982,41.184,33.618,118.677,48.82,5.079
2023-11-05 02:00:00,3.629,31.029,2.219,0.21,34.838,52.799,49.23,46.257,23.994,31.956,79.986,97.94,0,2.938,4.219,87.83,111.309,36.184,163.78,32.312,132.751,8.359,213.245,7.807,0,4.207,0,252.432,24.72,7.941,3.256,0.785,8.254,253.758,258.059,0.092,0.256,0.265,0.956,39.739,34.682,128.411,48.431,5.079
2023-11-05 02:15:00,4.356,31.602,2.219,0.21,34.838,54.044,53.214,47.465,25.976,32.662,82.139,97.94,0,3.721,4.632,91.825,116.644,61.64,175.956,31.502,147.391,12.553,214.577,6.597,0,5.617,0,252.432,28.529,14.282,3.34,0.785,10.324,255.68,258.059,0.106,0.248,0.265,0.956,38.315,35.252,135.039,47.657,5.079
2023-11-05 02:30:00,5.423,33.32,2.013,0.21,34.838,59.099,46.84,40.951,28.418,34.813,86.512,95.399,0,3.884,4.927,95.156,123.324,90.876,186.386,31.502,159.457,16.48,218.604,8.223,0,8.589,0,252.432,29.495,15.408,3.51,0.803,14.791,255.68,261.265,0.106,0.256,0.233,0.956,37.257,35.588,138.72,45.747,5.155
2023-11-05 02:45:00,7.43,35.039,2.013,0.21,35.849,70.925,36.871,35.836,30.906,43.11,87.618,95.399,0,4.222,5.099,92.492,130.029,108.216,196.814,31.1,169.113,18.795,222.7,13.936,0,11.662,0,252.432,29.253,14.65,3.682,0.824,18.967,257.604,261.265,0.106,0.256,0.265,0.956,36.205,35.476,140.859,43.903,5.155
2023-11-05 03:00:00,12.605,36.758,2.013,0.339,35.849,88.779,30.483,32.512,34.701,54.473,87.618,95.399,0,4.76,5.851,89.162,132.72,117.994,214.188,30.305,177.161,19.379,228.245,18.921,3.446,14.468,8.159,252.432,28.29,14.282,3.856,0.867,22.719,257.604,264.471,0.119,0.256,0.233,0.956,35.68,35.364,141.94,41.73,5.231
2023-11-05 03:15:00,22,39.051,2.013,0.339,35.849,105.948,27.927,29.79,39.863,61.335,89.837,97.94,0,5.529,7.813,87.83,131.374,122.935,229.82,31.905,182.779,19.379,233.881,22.104,5.434,16.036,8.866,252.432,27.112,14.282,4.209,0.947,25.951,259.529,264.471,0.106,0.256,0.265,0.931,35.157,35.028,141.94,40,5.386
2023-11-05 03:30:00,34,41.925,2.013,0.339,35.849,116.385,25.992,28.178,46.555,66.66,97.71,97.94,0,6.326,9.536,90.494,131.374,126.29,248.923,46.203,186.603,20.553,245.385,23.014,8.455,17.294,11.102,254.216,26.425,13.234,4.667,1.148,28.647,259.529,264.471,0.119,0.256,0.265,0.931,35.331,34.942,141.398,38.783,5.697
2023-11-05 03:45:00,43,44.828,2.013,0.429,35.849,121,25.331,26.583,54.379,74.012,113.045,100.35,0,8.79,10.228,95.822,128.683,129.147,269.76,80.59,190.308,21.143,258.616,23.014,12.187,18.239,17.567,257.785,25.761,12.59,5.35,2.295,31.422,261.457,264.471,0.106,0.248,0.265,0.905,36.731,34.769,141.398,37.916,6.346
2023-11-05 04:00:00,51,49.174,2.013,0.566,35.849,119.447,25.992,25.528,63.888,80.71,142.24,104.867,0,17.346,10.921,102.484,130.029,130.29,290.595,101.701,192.518,22.918,275.089,21.649,16.619,21.08,24.37,263.138,25.333,13.573,6.174,4.008,35.678,261.457,267.715,0.106,0.248,0.233,0.879,38.315,34.769,142.482,37.916,6.859
2023-11-05 04:14:59,56,59.108,2.013,0.612,35.849,114.873,27.286,23.963,80.084,95,189.715,111.139,0,31.505,11.269,106.482,138.142,130.29,311.429,98.992,194.726,25.896,291.777,19.83,21.402,25.192,31.558,270.276,25.761,15.025,7.189,6.008,41.862,263.384,267.715,0.106,0.248,0.233,0.905,40.098,34.942,144.122,38.49,7.406
2023-11-05 04:30:00,60,72.518,2.013,0.612,35.849,111.865,29.206,23.963,102.403,121.436,239.684,118.922,0,82,13.439,106.482,147.8,129.719,330.525,90.107,196.198,29.489,310.134,17.558,28.579,28.991,38.173,280.09,26.201,16.993,9.029,8.093,47.735,265.313,270.959,0.119,0.248,0.233,0.931,41.184,35.588,149.142,38.783,7.993
2023-11-05 04:45:00,62,95.579,2.013,0.566,35.849,114.873,29.206,23.963,124.07,145.597,272.053,126.085,0,133,21.059,105.816,150.595,129.719,347.885,84.016,197.67,34.895,328.585,16.197,32.682,32.791,45.98,290.796,28.051,17.812,11.322,10.787,53.614,269.175,270.959,0.106,0.248,0.233,0.931,41.733,38.455,156.923,38.783,8.713
2023-11-05 05:00:00,69,146.657,2.013,0.474,35.849,119.447,27.927,25.528,142.846,175.283,305.066,130.819,0,152,38.64,109.814,150.595,131.428,368.717,77.211,200.614,42.718,350.194,13.487,36.785,36.594,50.955,303.287,30.962,19.911,13.971,13.498,60,273.042,274.243,0.119,0.248,0.265,0.956,41.549,42.138,167.192,38.201,9.552
2023-11-05 05:15:00,86,222.589,2.219,0.474,35.849,125.706,26.639,27.645,155.788,208.16,344.45,138.359,0,151,62.805,118.491,149.193,134.828,386.077,73.89,203.558,50.557,370.338,11.697,42.259,41.042,50.955,316.671,33.184,22.488,16.575,15.729,65.729,280.787,280.856,0.131,0.248,0.265,0.931,41.002,45.21,175.131,37.357,10.607
2023-11-05 05:30:00,96,293.593,2.424,0.429,33.923,138.878,23.297,31.418,164.575,231.678,378.201,166.458,0,151,83.006,125.912,146.407,138.213,408.644,69.041,206.501,57.23,390.599,10.811,48.782,45.85,51.957,330.946,34.428,24.224,19.056,17.5,71.557,286.604,284.183,0.131,0.241,0.332,0.982,40.458,46.562,178.787,36.543,11.77
2023-11-05 05:45:00,100,353.202,2.835,0.384,33.923,147.462,19.288,31.418,171.247,244.165,413.175,235.32,0,136,93.421,113.147,143.633,142.714,427.74,60.767,209.444,64.676,411.006,10.372,55.676,50.794,54.975,345.223,35.682,25.532,21.386,19.9,75,296.313,290.93,0.131,0.256,0.689,1.006,39.918,47.376,178.787,35.496,12.836
2023-11-05 06:00:00,85,401.414,3.246,0.474,34.838,149.195,17.535,27.645,175.726,255.466,439.554,308.662,0,121,100,103.15,145.014,146.649,453.779,55.336,211.651,69.074,433.102,9.501,61.538,55.745,59.028,358.61,36.696,27.72,23.588,22.417,77.064,307.982,301.19,0.14,0.264,0.366,1.031,39.203,47.376,176.591,34.484,13.915
2023-11-05 06:15:00,65,440.68,3.452,0.474,34.838,147.462,22.559,27.645,177.979,260.507,465.324,353.92,0,108,102.277,107.148,147.8,151.144,488.497,52.06,213.123,69.074,456.874,9.071,63.951,60.581,65.171,372.003,37.47,28.597,25.593,24.449,76.666,319.664,311.556,0.14,0.264,0.366,0.905,38.492,46.562,173.675,33.26,15.218
2023-11-05 06:30:00,53,468.779,3.658,0.52,34.838,144.009,23.984,26.056,176.853,266.825,481.957,391.62,0,96,102.277,108.481,150.595,155.639,530.155,48.853,214.594,67.186,479.126,9.501,62.227,66.216,71.401,385.412,38.543,28.597,27.248,26.255,75.245,333.307,325.563,0.14,0.256,0.366,0.931,37.785,45.48,171.499,32.069,16.309
2023-11-05 06:45:00,45,490.096,3.864,0.612,38.845,138.878,23.984,24.485,172.364,270.624,494.233,426.473,0,88,101.134,102.484,150.595,157.886,575.269,44.626,214.594,64.676,501.424,9.501,57.745,71.852,75.618,399.754,38.816,29.036,28.814,27.187,73.18,348.91,339.763,0.14,0.264,0.408,0.956,36.906,44.107,167.906,31.136,17.404
2023-11-05 07:00:00,37,502.009,4.071,0.612,47.611,133.837,23.984,23.449,163.466,271.893,499.202,467.89,0,83,98.878,93.824,147.8,157.886,618.6,41.03,213.858,60.308,523.765,8.64,51.539,76.702,83.163,414.182,39.09,30.358,30.118,27.819,69.436,364.524,357.774,0.131,0.248,0.408,0.956,36.38,42.421,164.367,29.994,18.5
2023-11-05 07:14:59,33,509.18,4.287,0.612,54.92,130.542,21.822,21.913,154.699,266.825,499.202,500.32,0,80,94.495,85.834,142.252,156.2,658.358,38.568,213.123,50.557,549.357,9.071,44.657,81.702,88.725,427.88,38.816,29.917,31.447,28.144,65.354,380.15,376.045,0.14,0.226,0.332,0.931,35.331,40.437,160.232,28.878,19.486
2023-11-05 07:30:00,28,516.362,4.504,0.612,58.828,127.308,22.559,20.9,144.983,259.245,491.756,523.507,0,78,89.188,77.867,138.142,152.83,694.452,35.731,211.651,42.718,575.034,8.64,38.837,86.239,93.238,442.866,37.735,28.597,32.819,28.144,61.168,395.798,394.577,0.14,0.241,0.297,0.931,34.982,38.738,155.643,28.006,20.474
2023-11-05 07:45:00,24,523.559,4.504,0.612,60.071,125.706,21.822,20.9,138.605,249.18,479.541,537.425,0,77,85.044,74.568,131.374,148.897,725.283,34.834,210.18,37.903,602.451,7.807,32.682,89.109,97.435,459.573,36.188,25.532,34.383,28.144,57.089,409.521,413.335,0.14,0.248,0.297,0.956,34.111,36.79,151.424,26.952,21.352
2023-11-05 08:00:00,21,533.173,4.754,0.612,61.289,122.553,21.822,19.904,132.311,236.664,463.007,546.705,0,73,80.994,70.001,126.002,144.401,758.937,32.722,208.708,34.895,630.031,7.39,28.579,90.84,101.343,483.96,33.929,21.624,35.835,28.144,53.961,431.193,432.322,0.14,0.248,0.297,0.956,33.241,35.364,148.012,25.945,22.341
2023-11-05 08:15:00,19,537.987,4.754,0.709,62.483,119.447,20.996,19.406,127.138,225.462,445.509,546.705,0,67,77.071,68.076,119.314,139.902,783.064,31.1,206.501,32.491,657.739,6.993,24.477,90.263,98.435,511.022,30.717,18.227,37.536,28.144,51.884,441.118,451.506,0.131,0.248,0.332,0.931,32.72,34.682,143.573,25,23.221
2023-11-05 08:30:00,16.454,542.807,4.754,0.762,65.38,116.385,19.288,18.428,123.052,214.321,429.004,542.065,0,61,74.192,64.279,113.976,134.828,810.456,29.126,205.03,30.089,687.184,7.39,21.06,88.533,96.416,542.072,27.112,15.796,39.505,28.144,50.501,457.151,470.89,0.119,0.248,0.297,0.931,32.025,34.182,139.251,24.11,24.212
2023-11-05 08:45:00,15.751,550.042,5.004,0.762,68.174,113.36,19.288,17.939,118.006,205.701,417.704,532.785,0,52,70.383,63.021,107.312,129.719,831.418,28.737,202.822,28.29,715.07,6.597,17.643,85.668,96.416,572.413,23.76,13.923,41.584,27.819,49.809,479.692,490.446,0.092,0.248,0.297,0.956,31.33,33.503,136.082,23.253,25.204
2023-11-05 09:00:00,15.075,542.807,5.004,0.762,69.802,111.865,16.664,17.461,113.037,199.569,402.594,518.869,0,45,65.639,63.021,100.651,125.163,843.156,26.823,201.35,26.494,741.365,5.833,14.912,81.702,96.416,605.233,20.298,12.004,43.841,27.819,49.118,490.234,510.175,0.092,0.248,0.297,0.931,30.81,32.886,133.487,22.588,26.2
2023-11-05 09:15:00,14.088,535.579,5.261,0.709,72.964,108.892,11.596,16.983,108.152,192.241,387.625,500.32,0,40,61.866,64.909,96.655,120.73,852.583,24.985,199.142,25.299,767.697,5.099,12.527,76.154,94.319,636.384,16.951,11.224,46.223,27.819,49.118,505.426,530.054,0.106,0.248,0.297,0.956,30.289,32.107,130.423,21.779,27.201
2023-11-05 09:30:00,13.187,521.158,5.261,0.659,79.018,108.892,7.886,16.039,103.355,186.161,372.536,481.78,0,37.163,58.151,62.393,92.66,116.904,859.671,23.941,196.198,23.512,790.76,5.099,10.826,69.76,93.238,667.652,14.052,10.528,48.799,27.819,48.427,533.384,550.085,0.106,0.256,0.297,0.956,29.942,31.441,128.411,21.147,28.098
2023-11-05 09:45:00,12.605,497.238,5.261,0.612,106.371,108.892,5.721,16.039,97.72,181.315,361.109,458.633,0,32.639,53.576,59.883,89.997,112.555,862.034,22.966,193.99,22.325,813.84,4.126,9.47,63.318,93.238,697.013,12.218,9.887,51.519,27.819,47.735,543.438,574.295,0.106,0.256,0.297,0.956,29.595,30.763,125.926,20.526,29.116
2023-11-05 10:00:00,12.605,471.139,5.261,0.612,150.034,110.371,4.533,15.572,92.227,176.487,348.987,440.137,0,30.944,50,58.001,86.003,108.216,857.308,22.371,191.781,21.143,833.634,4.126,8.455,56.5,91,726.394,10.684,9.48,54.03,28.144,45.662,564.364,594.608,0.119,0.256,0.297,0.956,29.422,30.216,123.478,19.764,30.151
2023-11-05 10:14:59,12.033,440.68,5.519,0.612,194.382,111.865,4.188,15.106,86.912,170.478,333.892,417.574,0,28.719,47.412,56.12,82.01,104.422,852.583,21.601,189.57,19.379,850.137,3.597,7.106,50.121,88.725,751.865,9.775,8.891,57.093,28.144,43.243,591.872,615.043,0.131,0.256,0.297,0.956,28.902,29.665,122.024,19.165,31.094
2023-11-05 10:30:00,11.22,410.62,5.519,0.659,229.168,111.865,4.188,14.653,81.766,165.692,321.419,400.169,0,26.534,44.341,58.628,78.02,100.629,843.156,21.126,187.346,18.213,864.995,3.333,6.101,44.56,85.368,777.339,9.096,8.698,61,28.144,39.792,609.343,635.585,0.119,0.256,0.265,0.931,28.381,29.112,119.627,18.572,32.191
2023-11-05 10:45:00,10.734,378.438,5.519,0.762,259.586,114.873,3.511,14.199,77.615,159.739,312.916,383.148,0,24.437,42.252,53.614,74.033,97.378,829.077,19.749,184.333,17.055,878.206,3.333,5.102,39.133,83.163,800.854,8.47,8.318,64,28.47,35.678,641.451,656.236,0.131,0.264,0.265,0.956,27.861,28.696,118.203,18.132,33.304
2023-11-05 11:00:00,10.486,348.616,5.261,0.762,286.253,114.873,3.179,13.746,72.815,153.82,305.066,370.554,0,23.924,40.107,53.614,70.054,94.127,817.412,19.977,181.99,15.908,888.119,3.333,5.102,34.375,79.9,820.451,8.089,8.318,66,28.795,31.422,659.857,681.146,0.131,0.273,0.297,0.931,27.688,28.28,115.855,17.405,34.422
2023-11-05 11:15:00,9.684,321.102,5.261,0.762,306.914,116.385,3.179,13.746,68.977,147.939,297.552,358.065,0,21.89,38.64,51.106,68.729,90.876,801.237,19.295,179.575,14.773,896.381,3.333,4.44,29.941,75.618,840.048,7.808,7.754,68,28.795,27.441,689.566,697.83,0.119,0.282,0.297,0.982,27.168,27.723,113.996,16.972,35.419
2023-11-05 11:30:00,9.215,298.178,5.261,0.762,320.509,121,4.915,13.307,65.319,142.097,290.201,345.65,0,20.374,36.105,47.975,67.408,88.166,783.064,18.847,176.356,13.653,902.993,3.153,4.109,26.457,71.401,857.685,7.533,7.754,70,29.127,23.888,721.984,718.765,0.119,0.312,0.265,1.031,26.821,27.165,112.613,16.541,36.551
2023-11-05 11:45:00,8.79,277.548,5.261,0.762,327.236,130.542,7.886,13.307,61.937,138.611,282.922,333.288,0,19.869,33.878,45.473,67.408,84.916,767.562,18.41,173.137,13.1,906.299,2.973,3.446,23.61,66.202,871.402,7.328,7.754,71,29.79,20.978,754.563,735.579,0.131,0.409,0.265,1.073,26.302,26.886,110.332,15.97,37.587
2023-11-05 12:00:00,8.585,259.214,5.261,0.762,331.701,149.195,10.798,12.868,58.85,132.838,277.483,320.962,0,18.355,32.013,43.601,67.408,82.207,748.47,17.995,169.917,12.012,907.953,2.793,3.115,21.396,60.047,883.16,7.056,7.195,73,30.126,18.398,779.349,752.449,0.14,0.52,0.265,1.099,25.955,26.606,108.525,15.401,38.707
2023-11-05 12:15:00,8.184,240.891,5.004,0.762,329.472,179.297,11.596,12.429,56.002,129.397,272.053,312.76,0,16.841,30.368,41.118,68.729,80.04,734.535,17.995,167.503,11.477,907.953,2.793,2.785,19.817,55.985,894.918,6.851,7.195,75,30.463,16.71,799.176,769.375,0.149,0.672,0.233,1.175,25.609,26.325,107.18,14.977,40.025
2023-11-05 12:30:00,7.993,227.161,5.004,0.762,329.472,208.065,11.596,12.429,54.379,124.835,268.436,304.567,0,15.832,28.795,41.118,67.408,77.873,720.011,17.793,164.285,11.477,904.646,2.793,2.455,18.239,49.955,902.757,6.647,7.195,78,31.138,15.332,818.951,782.108,0.131,0.838,0.233,1.229,25.089,26.045,104.958,14.554,41.358
2023-11-05 12:45:00,7.804,211.175,4.754,0.762,325,236.93,11.596,12.015,52.824,121.436,268.436,296.382,0,15.328,27.243,39.885,64.767,75.165,704.699,17.397,161.066,10.946,902.993,2.793,2.455,16.98,44.993,908.636,6.443,6.639,80,31.477,13.991,838.689,794.868,0.14,1.013,0.265,1.229,24.916,25.762,103.636,14.132,43.008
2023-11-05 13:00:00,7.43,199.797,4.754,0.762,318.254,264.083,11.596,11.6,50.827,116.934,273.863,288.204,0,14.319,26.469,39.27,62.142,73,689.313,17.202,157.848,10.418,898.034,2.793,2.455,16.036,39.136,912.556,6.307,6.639,81,32.159,13.209,854.462,807.663,0.162,1.193,0.233,1.271,24.57,25.479,101.887,13.711,44.305
2023-11-05 13:14:59,7.43,186.214,4.504,0.762,313.735,286.002,11.596,11.6,48.894,113.58,288.378,280.033,0,13.815,25.695,36.817,58.231,70.836,675.58,16.626,155.435,10.418,891.423,2.793,1.809,15.408,35.308,916.475,6.103,6.639,82,32.845,12.447,866.283,820.487,0.162,1.284,0.265,1.271,24.224,25.194,100.585,13.431,45.634
2023-11-05 13:30:00,7.251,174.99,4.504,0.762,302.318,308.265,11.596,11.186,47.473,110.248,312.916,275.95,0,12.806,24.149,35.593,55.653,69.213,663.529,16.626,152.216,9.895,883.162,2.793,1.533,14.781,33.422,916.475,5.968,6.639,83,33.547,11.71,878.092,829.054,0.14,1.345,0.265,1.271,23.878,24.907,98.859,13.152,47.217
2023-11-05 13:45:00,7.073,163.911,4.504,0.762,286.253,323.254,11.596,10.812,46.096,106.938,344.45,271.87,0,11.799,23.376,34.37,51.848,67.049,648.003,16.247,149,9.376,873.251,2.642,1.533,14.155,29.719,916.475,5.767,6.085,84,34.252,11,889.894,837.636,0.176,1.529,0.297,1.271,23.532,24.474,97.575,12.733,48.839
